project,fire,site,lat,lon,tran,sample,age,Age.Class,decid.dens,decid.bio,spruce.dens,spruce.bio,rel.decid.dens,rel.decid.bio,new.bio.dens,traj.20,treesnagsolC,aboveC,belowC,treesnagsolN,aboveN,belowN,treesnagsolCN,aboveCN,belowCN,,,,,,,,,,,,,,,,,,,,,,,,,,,,
chrono,BD69,BD1,65.09479763,-150.2819632,1,1,39,> 20 years,0.3,1030.69,5.06,2187.22,0.055970149,0.320297957,0.188134053,Spruce,5650.25,1449.954,4200.291,95.91,8.8971776,87.151208,58.91117569,162.9678607,48.19544211,,,,,,,,,,,,,,,,,,,,,,,,,,,,
chrono,BD69,BD2,65.15938606,-150.1377545,2,1,70,> 20 years,0,0,2.16,1479.73,0,0,0,Spruce,6668.63,611.8,6056.829,184.29,3.742648,180.562868,36.18645112,163.4671495,33.54415593,,,,,,,,,,,,,,,,,,,,,,,,,,,,
chrono,BD69,BD3,65.10201956,-150.260776,3,1,39,> 20 years,0.6,2877.41,1.5,498.93,0.285714286,0.85222756,0.568970923,Mixed,4815.94,2042.862,2773.071,85.52,10.9086048,75.068728,56.31412448,187.2706948,36.94042878,,,,,,,,,,,,,,,,,,,,,,,,,,,,
chrono,BD69,BD4,65.07396,-150.3371,4,1,40,> 20 years,0.89,10528.58,0,0,1,1,1,Deciduous,7915.38,5330.522,2584.851,122.82,38.5840128,84.366728,64.44833382,138.1536448,30.63827484,,,,,,,,,,,,,,,,,,,,,,,,,,,,
chrono,BD69,BD5,65.15992,-150.09578,5,1,40,> 20 years,0.26,2030.09,1.43,2696.01,0.153846154,0.429548676,0.291697415,Spruce,7096.9,2448.646,4648.253,174.35,17.0095984,157.437224,40.70435218,143.9567203,29.52448526,,,,,,,,,,,,,,,,,,,,,,,,,,,,
chrono,BD69,BD6,65.16165,-150.07312,6,1,41,> 20 years,0.38,5396.38,0.26,163.91,0.59375,0.970521322,0.782135661,Deciduous,6326.66,2803.606,3523.045,143.54,18.8697984,124.75724,44.0755627,148.5763621,28.23920279,,,,,,,,,,,,,,,,,,,,,,,,,,,,
chrono,BF81,BF1,63.87131,-145.85481,1,1,29,> 20 years,1.04,986.79,0.65,163.99,0.615384615,0.857496654,0.736440635,Deciduous,3014.83,713.438,2301.39,86.39,5.1859312,81.39216,34.89835106,137.5718212,28.27532775,,,,,,,,,,,,,,,,,,,,,,,,,,,,
chrono,BF81,BF2,63.86645,-145.84806,2,1,29,> 20 years,1.44,4047.21,0.39,137.51,0.786885246,0.967139976,0.877012611,Deciduous,5421.84,2153.24,3268.596,118.11,14.99548,103.427968,45.90641271,143.5926026,31.60263189,,,,,,,,,,,,,,,,,,,,,,,,,,,,
chrono,BF81,BF3,63.87115,-145.85592,3,1,29,> 20 years,0.13,6.76,1.51,405.2,0.079268293,0.01640936,0.047838827,Spruce,4084.25,455.412,3628.841,133.52,2.0280208,131.723612,30.58839487,224.559827,27.54890293,,,,,,,,,,,,,,,,,,,,,,,,,,,,
chrono,BG47,BG1,63.79029,-145.04183,1,1,62,> 20 years,0.14,8879.4,1.63,1308.83,0.079096045,0.871535095,0.47531557,Mixed,8463.93,6984.732,1479.196,91.18,44.5441008,47.821648,92.82691859,156.8048715,30.93151453,,,,,,,,,,,,,,,,,,,,,,,,,,,,
chrono,BG47,BG2,63.78461,-145.06217,2,1,62,> 20 years,0.26,12621.53,0.28,481.6,0.481481481,0.963245423,0.722363452,Deciduous,8279.45,7065.686,1213.758,67.85,34.7669104,33.469984,122.0234715,203.2301956,36.2640747,,,,,,,,,,,,,,,,,,,,,,,,,,,,
chrono,BG47,BG3,63.77422,-145.087,3,1,62,> 20 years,0.08,195.14,1.26,765.04,0.059701493,0.203232727,0.13146711,Spruce,7641.09,402.094,7238.991,294.77,2.4334176,292.354252,25.9223296,165.2383874,24.7610252,,,,,,,,,,,,,,,,,,,,,,,,,,,,
chrono,BG47,BG4,63.76855,-145.0836,4,1,62,> 20 years,0.22,17.98,0.63,272.04,0.258823529,0.061995724,0.160409627,Spruce,10052.81,245.684,9807.129,431.46,3.1867616,428.272508,23.29964075,77.09519281,22.89927282,,,,,,,,,,,,,,,,,,,,,,,,,,,,
chrono,CD58,CD1,64.91029954,-146.6163583,1,1,50,> 20 years,0,0,4.56,2168.02,0,0,0,Spruce,7336.64,942.304,6394.331,275.97,7.8831856,268.091772,26.58506801,119.5334028,23.85127657,,,,,,,,,,,,,,,,,,,,,,,,,,,,
chrono,CD58,CD2,64.98172,-146.23712,2,1,51,> 20 years,0.33,25896.55,0,0,1,1,1,Deciduous,16153.79,12747.568,3406.218,247.78,95.1728832,153.127824,65.19399099,133.9411771,22.24427874,,,,,,,,,,,,,,,,,,,,,,,,,,,,
chrono,CD58,CD3,65.01174,-146.22787,3,1,51,> 20 years,0.64,14825.08,0.27,6901.06,0.703296703,0.682361432,0.692829068,Deciduous,15309.62,11278.156,4031.457,237.05,76.3498944,161.761656,64.58458947,147.7167204,24.92220406,,,,,,,,,,,,,,,,,,,,,,,,,,,,
chrono,GC87,GC1,63.91704183,-145.3709915,1,1,21,> 20 years,1.71,2151.77,0.73,76.64,0.700819672,0.965607765,0.833213719,Deciduous,3135.9,1248.956,1886.948,47.92,9.7246224,38.329424,65.43685395,128.4323389,49.22975101,,,,,,,,,,,,,,,,,,,,,,,,,,,,
chrono,GC87,GC2,63.91946143,-145.3633058,2,1,21,> 20 years,0.37,28.27,0.27,98.99,0.578125,0.222143643,0.400134322,Mixed,2600.49,1079.662,1520.83,42.51,6.9206048,36.23312,61.16858365,156.0068854,41.9734762,,,,,,,,,,,,,,,,,,,,,,,,,,,,
chrono,GC87,GC3,63.91903798,-145.368582,3,1,21,> 20 years,0.52,290.11,0.2,26.87,0.722222222,0.915231245,0.818726734,Deciduous,4782.8,643.608,4139.194,125.61,3.7772112,122.184752,38.07570937,170.3923784,33.87651841,,,,,,,,,,,,,,,,,,,,,,,,,,,,
chrono,GC87,GC4,63.87335,-145.44106,4,1,21,> 20 years,0.27,91.41,0.23,159.21,0.54,0.364735456,0.452367728,Mixed,4456.44,428.736,4027.699,106.8,3.3815184,103.627828,41.72765179,126.7880133,38.86696342,,,,,,,,,,,,,,,,,,,,,,,,,,,,
chrono,GM54,GM2,63.94336,-145.58222,2,1,56,> 20 years,0.44,3346.43,0.45,917.32,0.494382022,0.784856054,0.639619038,Mixed,5366.06,2475.704,2890.354,107.66,14.2457776,93.772432,49.84130548,173.7851081,30.82306749,,,,,,,,,,,,,,,,,,,,,,,,,,,,
chrono,GS66,GS1,64.80632,-148.47183,1,1,43,> 20 years,0.18,1973.15,1.86,3308.7,0.088235294,0.37357176,0.230903527,Spruce,7771.48,2843.636,4927.834,158.34,18.7229424,139.947952,49.07972667,151.8797601,35.21190507,,,,,,,,,,,,,,,,,,,,,,,,,,,,
chrono,GS66,GS2,64.80233,-148.41912,2,1,43,> 20 years,0.01,2.17,0.99,193.11,0.01,0.011112249,0.010556125,Spruce,3758.53,176.792,3581.731,138.61,0.8739808,137.809252,27.11562945,202.28362,25.99049736,,,,,,,,,,,,,,,,,,,,,,,,,,,,
chrono,GS66,GS3,64.80027,-148.41368,3,1,43,> 20 years,0,0,4.45,2980.61,0,0,0,Spruce,7398.03,2093.24,5304.791,214.82,16.389256,198.713652,34.437754,127.7202577,26.69565451,,,,,,,,,,,,,,,,,,,,,,,,,,,,
chrono,HF58,HF1,63.916944,-148.93333,1,1,50,> 20 years,0.22,2807.26,2.04,4366.71,0.097345133,0.391311924,0.244328529,Spruce,5057.4,3090.624,1966.782,66.55,17.4525456,49.225296,75.98910955,177.0872898,39.95470134,,,,,,,,,,,,,,,,,,,,,,,,,,,,
chrono,LG58,LG1,65.44394,-148.77584,1,1,80,> 20 years,0.72,6570.28,0,0,1,1,1,Deciduous,5388.99,3252.968,2136.015,84.81,18.7035232,66.27212,63.54150704,173.9227399,32.23097435,,,,,,,,,,,,,,,,,,,,,,,,,,,,
chrono,LG58,LG2,65.43041,-148.86352,2,1,51,> 20 years,0,0,0.51,248.46,0,0,0,Spruce,7259.59,201.296,7058.297,280.8,2.0637424,278.755604,25.85317381,97.53930529,25.32073579,,,,,,,,,,,,,,,,,,,,,,,,,,,,
chrono,LG58,LG3,65.44684,-148.76149,3,1,76,> 20 years,0.16,5189.79,0.12,463.12,0.571428571,0.918074054,0.744751313,Deciduous,6733.33,2682.062,4051.268,151.33,16.2658768,135.124464,44.49324456,164.8888672,29.98175075,,,,,,,,,,,,,,,,,,,,,,,,,,,,
chrono,MATDEC,MATDEC1,63.88989,-145.862,1,1,84,> 20 years,0.22,10391.79,0.09,21.59,0.709677419,0.997926706,0.853802063,Deciduous,7619.14,5794.722,1824.415,93.42,40.2150448,53.71548,81.5554177,144.0933867,33.96441771,,,,,,,,,,,,,,,,,,,,,,,,,,,,
chrono,MATDEC,MATDEC2,65.40347,-148.22948,2,1,74,> 20 years,0.12,9388.47,0,0,1,1,1,Deciduous,9338.08,5062.82,4275.263,222.93,33.884792,189.543544,41.88866253,149.4127513,22.55557172,,,,,,,,,,,,,,,,,,,,,,,,,,,,
chrono,MATDEC,MATDEC3,64.90151,-148.27515,3,1,87,> 20 years,0.26,19949.1,0,0,1,1,1,Deciduous,17426.16,11655.942,5770.218,300.41,69.5945568,232.601104,58.00763765,167.4835294,24.80735431,,,,,,,,,,,,,,,,,,,,,,,,,,,,
chrono,MATDEC,MATDEC4,65.42607,-148.89148,4,1,70,> 20 years,0.17,13456.33,0.12,562.8,0.586206897,0.959854855,0.773030876,Deciduous,16931.14,9483.46,7447.68,410.17,69.195456,342.28864,41.27866043,137.0532192,21.75847846,,,,,,,,,,,,,,,,,,,,,,,,,,,,
chrono,MD58,MD1,64.88149,-148.39025,1,1,51,> 20 years,0.69,11614.47,0.01,0.31,0.985714286,0.99997331,0.992843798,Deciduous,8701.85,6181.346,2520.5,140.84,35.5445504,105.93832,61.78476547,173.9041831,23.79214622,,,,,,,,,,,,,,,,,,,,,,,,,,,,
chrono,MD58,MD2,64.88044,-148.38646,2,1,51,> 20 years,0.63,8613.19,2.02,2905.72,0.237735849,0.747743493,0.492739671,Mixed,10512.03,5558.784,4953.252,224.53,34.5950816,190.350016,46.81709988,160.681338,26.02181026,,,,,,,,,,,,,,,,,,,,,,,,,,,,
chrono,MD58,MD3,64.88212,-148.39168,3,1,51,> 20 years,0.11,24.45,3.07,959.18,0.034591195,0.024856908,0.029724052,Spruce,7168.49,498.462,6670.034,156.01,2.2755808,153.833488,45.94838688,219.0482535,43.35879064,,,,,,,,,,,,,,,,,,,,,,,,,,,,
chrono,MF81,MF1,65.20547,-149.73668,1,1,26,> 20 years,1.31,1757.36,0.11,12.46,0.922535211,0.992959736,0.957747474,Deciduous,2740.72,767.124,1973.601,45.05,5.0357536,40.034248,60.8416584,152.3354916,49.29781621,,,,,,,,,,,,,,,,,,,,,,,,,,,,
chrono,MF81,MF2,65.20553,-149.7379,2,1,26,> 20 years,0.02,0.75,0.3,56.18,0.0625,0.013174073,0.037837037,Spruce,4324,186.244,4137.766,103.74,0.5840896,103.281832,41.68254728,318.8620376,40.06286411,,,,,,,,,,,,,,,,,,,,,,,,,,,,
chrono,MF81,MF3,65.20885,-149.74132,3,1,26,> 20 years,1.32,1498.94,0.95,194.21,0.581497797,0.885296636,0.733397217,Deciduous,4042.07,697.33,3344.738,105.34,5.011024,100.337744,38.37103158,139.1591818,33.33479373,,,,,,,,,,,,,,,,,,,,,,,,,,,,
chrono,RF83,RF1,64.77570444,-148.1856824,1,1,25,> 20 years,0.6,107.06,1.06,182.43,0.361445783,0.369822792,0.365634288,Mixed,6960.86,505.266,6455.597,237.22,4.6110144,232.757324,29.34356528,109.5780573,27.73531199,,,,,,,,,,,,,,,,,,,,,,,,,,,,
chrono,RF83,RF2,64.77591047,-148.1867113,2,1,25,> 20 years,0.36,83.27,6.82,913.96,0.050139276,0.083501299,0.066820288,Spruce,3605.22,978.816,2626.391,68.22,12.1846704,56.091412,52.84493601,80.3317585,46.82340676,,,,,,,,,,,,,,,,,,,,,,,,,,,,
chrono,RF83,RF3,64.77768274,-148.1813538,3,1,25,> 20 years,1,140.89,6.48,617.66,0.13368984,0.185735944,0.159712892,Spruce,3929.57,345.912,3583.655,88.89,2.9114448,85.98314,44.20503564,118.811114,41.67857792,,,,,,,,,,,,,,,,,,,,,,,,,,,,
chrono,SC87,SC1,63.91586,-149.12662,1,1,22,> 20 years,0,0,1.12,276.44,0,0,0,Spruce,5251.06,351.598,4899.463,163.12,1.3651712,161.949596,32.19091766,257.5486503,30.25301156,,,,,,,,,,,,,,,,,,,,,,,,,,,,
chrono,SC87,SC2,63.91621,-149.12899,2,1,22,> 20 years,3.53,3401.87,0,0,1,1,1,Deciduous,5558.4,2119.138,3439.266,95.3,13.1967792,82.639728,58.32803529,160.5799391,41.61758616,,,,,,,,,,,,,,,,,,,,,,,,,,,,
chrono,SC87,SC3,63.91678,-149.12591,3,1,22,> 20 years,0.41,268.9,1.72,168.59,0.192488263,0.61464262,0.403565442,Mixed,7421.08,606.242,6814.833,236,2.2215488,234.114024,31.44553642,272.8915971,29.10903364,,,,,,,,,,,,,,,,,,,,,,,,,,,,
chrono,SM57,SM1,65.23175,-149.5379,1,1,52,> 20 years,0.18,1945.25,1.89,1520.46,0.086956522,0.561284701,0.324120612,Spruce,4255.62,1684.144,2571.477,78.74,9.1698096,69.667576,54.04870342,183.6618287,36.91067133,,,,,,,,,,,,,,,,,,,,,,,,,,,,
chrono,SM57,SM2,65.23109,-149.53957,2,1,52,> 20 years,0.03,192.48,2.16,1682.98,0.01369863,0.102630821,0.058164726,Spruce,4175.69,789.736,3385.956,101.05,5.4950064,95.568952,41.32372766,143.7188499,35.42945621,,,,,,,,,,,,,,,,,,,,,,,,,,,,
chrono,SM57,SM3,65.23056,-149.53926,3,1,52,> 20 years,0,0,1.12,254.24,0,0,0,Spruce,5281.03,117.22,5163.806,154.73,0.850648,153.889432,34.13109871,137.8008295,33.55529963,,,,,,,,,,,,,,,,,,,,,,,,,,,,
chrono,TKN103,TKN103,NA,NA,1,1,91,> 20 years,0.01,61.88,0.24,632.85,0.04,0.089070574,0.064535287,Spruce,9929.85,1151.96,8777.886,163.94,6.444488,157.501512,60.5683738,178.7512057,55.7320745,,,,,,,,,,,,,,,,,,,,,,,,,,,,
chrono,TKN117,TKN117,NA,NA,1,1,163,> 20 years,0,0,0.58,1762.84,0,0,0,Spruce,11447.5,2608.306,8839.189,242.71,15.0801504,227.647388,47.16518581,172.9628638,38.82842267,,,,,,,,,,,,,,,,,,,,,,,,,,,,
chrono,TKN125,TKN125,NA,NA,1,1,56,> 20 years,0,0,NA,NA,0,0,0,Spruce,6670.76,3505.636,3165.126,104.14,16.6303184,88.328912,64.055432,210.7978883,35.83340866,,,,,,,,,,,,,,,,,,,,,,,,,,,,
chrono,TKN137,TKN137,NA,NA,1,1,138,> 20 years,0,0,0.63,1245.25,0,0,0,Spruce,10556.38,1811.85,8744.53,186.21,10.20288,176.02,56.69195695,177.5822121,49.67918418,,,,,,,,,,,,,,,,,,,,,,,,,,,,
chrono,TKN139,TKN139,NA,NA,1,1,85,> 20 years,0,0,1.18,1195.23,0,0,0,Spruce,9361.49,1856.9,7504.588,144.54,9.316272,135.227856,64.76624375,199.3179246,55.49587357,,,,,,,,,,,,,,,,,,,,,,,,,,,,
chrono,TR90,TR1,63.32878,-142.88402,1,1,20,> 20 years,3.08,1659.18,1.21,28.78,0.717948718,0.982949833,0.850449276,Deciduous,6861.73,1224.432,5637.301,210.9,12.4578528,198.512328,32.53551072,98.28595824,28.3977376,,,,,,,,,,,,,,,,,,,,,,,,,,,,
chrono,TR90,TR2,63.28947,-142.76821,2,1,20,> 20 years,0.71,25.27,4.24,768.34,0.143434343,0.031841837,0.08763809,Spruce,7267.38,1559.918,5707.472,165.71,5.4441712,161.249224,43.85709503,286.5299313,35.39534553,,,,,,,,,,,,,,,,,,,,,,,,,,,,
chrono,TR90,TR3,63.31795,-142.78206,3,1,20,> 20 years,4.71,221.12,5.95,182.99,0.441838649,0.547177749,0.494508199,Mixed,6841.66,440.498,6401.161,207.11,3.2919472,204.014088,33.03457773,133.8107731,31.3760734,,,,,,,,,,,,,,,,,,,,,,,,,,,,
chrono,UBHW,UBHW1,65.15294,-147.46641,1,1,77,> 20 years,0.18,12407.54,0,0,1,1,1,Deciduous,8613.43,6252.838,2360.589,124.51,37.7748672,87.068072,69.18007087,165.5290531,27.11199348,,,,,,,,,,,,,,,,,,,,,,,,,,,,
chrono,UBHW,UBHW2,64.95177,-147.95484,2,1,79,> 20 years,0.24,10647.68,0.29,18.88,0.452830189,0.998229982,0.725530086,Deciduous,9454.48,5215.09,4239.396667,199.96,33.571112,166.4651733,47.28249544,155.3445712,25.46716879,,,,,,,,,,,,,,,,,,,,,,,,,,,,
chrono,WD78,WD1,65.17939,-147.87047,1,1,31,> 20 years,1.79,4508.61,0.54,208.21,0.768240343,0.955857972,0.862049158,Deciduous,7667.26,2554.236,5113.035,240.27,18.9868304,221.43132,31.9105148,134.5267191,23.09083918,,,,,,,,,,,,,,,,,,,,,,,,,,,,
chrono,WD78,WD2,65.18035,-147.86725,2,1,31,> 20 years,0.24,554.24,2.56,1019.45,0.085714286,0.352191346,0.218952816,Spruce,6770.25,2421.586,4348.664,126.85,14.6995344,113.268992,53.37264775,164.7389594,38.39236073,,,,,,,,,,,,,,,,,,,,,,,,,,,,
chrono,WD78,WD3,65.18136,-147.86937,3,1,31,> 20 years,0.6,3407.54,0.68,219.88,0.46875,0.939383915,0.704066958,Deciduous,5029.14,1980.102,3049.049,115.35,13.5673888,101.941672,43.60052364,145.9456959,29.90974093,,,,,,,,,,,,,,,,,,,,,,,,,,,,
chrono,WD78,WD4,65.18324,-147.86644,4,1,31,> 20 years,0.95,595.3,1.62,347.51,0.369649805,0.631410358,0.500530082,Mixed,3575.47,676.806,2898.665,90.82,5.2027984,85.63956,39.36896734,130.0849943,33.84726638,,,,,,,,,,,,,,,,,,,,,,,,,,,,
chrono,WD78,WD5,65.18272,-147.86831,5,1,31,> 20 years,0.02,1.9,1.75,304.21,0.011299435,0.006206919,0.008753177,Spruce,6971.95,352.034,6619.911,219.8,1.7724416,218.171692,31.71951516,198.6152887,30.342667,,,,,,,,,,,,,,,,,,,,,,,,,,,,
chrono,WD78,WD6,65.18186,-147.86705,6,1,31,> 20 years,0.18,34.2,2.71,482.14,0.062283737,0.066235426,0.064259582,Spruce,5117.25,326.09,4791.169,152.97,2.540048,150.433268,33.45279739,128.3794637,31.84913194,,,,,,,,,,,,,,,,,,,,,,,,,,,,
chrono,WD78,WD7,65.1826,-147.87028,7,1,31,> 20 years,0.81,521.19,0.67,190.11,0.547297297,0.732728806,0.640013052,Mixed,3849.14,515.914,3333.223,100.57,3.6097456,97.007784,38.27490164,142.9225373,34.36036638,,,,,,,,,,,,,,,,,,,,,,,,,,,,
chrono,WF71,WF1,65.18122746,-147.9725705,1,1,37,> 20 years,0,0,0.38,469.15,0,0,0,Spruce,3567.57,191.638,3375.931,115.72,1.0892032,114.634852,30.82976814,175.9432951,29.44942957,,,,,,,,,,,,,,,,,,,,,,,,,,,,
chrono,WF71,WF2,65.17732711,-147.9799576,2,1,37,> 20 years,0.92,4215.8,0.68,454.74,0.575,0.902636526,0.738818263,Deciduous,5153.85,2116.662,3037.184,113.4,14.1420688,99.350352,45.44768361,149.6713126,30.57044025,,,,,,,,,,,,,,,,,,,,,,,,,,,,
chrono,WF71,WF3,65.1676559,-147.9547346,3,1,37,> 20 years,0.28,693.51,3.34,403.56,0.077348066,0.632147447,0.354747757,Mixed,5849.95,504.424,5345.523,145.74,3.1672816,142.598024,40.13881889,159.2608627,37.4866555,,,,,,,,,,,,,,,,,,,,,,,,,,,,
chrono,WF71,WF4,65.16617,-147.9603,4,1,39,> 20 years,0.25,7204.79,0.23,273.07,0.520833333,0.963482868,0.742158101,Deciduous,8283.81,4107.332,4176.484,164.07,24.4211568,140.030512,50.48909132,168.1874464,29.82552831,,,,,,,,,,,,,,,,,,,,,,,,,,,,
JFSP,BF,BF58,65.29,-146.55,BF58,2,81,> 20 years,0.016666667,1128.718055,0.27,2586.094633,0.058139536,0.303842522,0.180991029,Spruce,5536.260991,628.6446283,4762.016058,159.629329,1.7708287,155.552333,34.68197873,355.0002484,30.61359458,,,,,,,,,,,,,,,,,,,,,,,,,,,,
JFSP,BF,BF59,65.29,-146.55,BF59,2,86,> 20 years,0,0,0.58,3290.374598,0,0,0,Spruce,9439.025623,1412.940838,7097.68054,247.73747,2.890359943,235.059498,38.10092039,488.8459797,30.19525099,,,,,,,,,,,,,,,,,,,,,,,,,,,,
JFSP,BF,BF60,65.29,-146.55,BF60,2,85,> 20 years,0.011111111,469.0291377,0.14,917.1830023,0.073529411,0.338353073,0.205941242,Spruce,6992.172355,703.5815917,6269.267522,210.7722838,2.533551521,206.859913,33.17405984,277.7056578,30.30682664,,,,,,,,,,,,,,,,,,,,,,,,,,,,
JFSP,BF,BF61,65.35,-146.67,BF61,2,69,> 20 years,0,0,0.47,1937.084934,0,0,0,Spruce,7059.768613,792.7885508,6050.22378,166.5081947,2.215760808,161.05138,42.39892594,357.7951862,37.5670409,,,,,,,,,,,,,,,,,,,,,,,,,,,,
JFSP,BF,BF64,65.3,-146.72,BF64,2,67,> 20 years,0,0,0.19,3695.120489,0,0,0,Spruce,7953.811678,172.9187083,7684.473095,256.8376177,0.375598108,255.034204,30.96825049,460.3822666,30.13114702,,,,,,,,,,,,,,,,,,,,,,,,,,,,
JFSP,BF,BF65,65.3,-146.72,BF65,2,60,> 20 years,0.016666667,422.0531691,0.55,2389.88073,0.029411765,0.15009356,0.089752663,Spruce,6813.883926,864.418455,5590.429076,190.7488897,2.583099884,183.751919,35.72174883,334.6438364,30.42378608,,,,,,,,,,,,,,,,,,,,,,,,,,,,
JFSP,BF,BF68,65.28,-146.74,BF68,2,73,> 20 years,0.016666667,362.1870133,0.3,1328.535757,0.05263158,0.214220226,0.133425903,Spruce,6504.789867,269.465345,6062.164267,202.121274,0.53831359,199.810016,32.18260869,500.5731789,30.33964157,,,,,,,,,,,,,,,,,,,,,,,,,,,,
JFSP,BF,BF70,65.12,-147.43,BF70,2,87,> 20 years,0,0,0.77,2685.17384,0,0,0,Spruce,8565.717655,840.1406717,7534.898522,255.681393,2.306333948,249.942613,33.5015292,364.2753784,30.14651416,,,,,,,,,,,,,,,,,,,,,,,,,,,,
JFSP,BF,BF71,65.12,-147.43,BF71,2,90,> 20 years,0,0,0.97,1865.737191,0,0,0,Spruce,6952.575,531.681495,6062.164267,205.2585038,1.06825899,199.810016,33.87228724,497.7084209,30.33964157,,,,,,,,,,,,,,,,,,,,,,,,,,,,
JFSP,BF,BF72,65.12,-147.43,BF72,2,90,> 20 years,0.016666667,380.502505,0.65,2598.734663,0.025,0.127718098,0.076359049,Spruce,8195.800604,1208.43841,6326.796204,219.3565977,2.47411392,208.818217,37.36290903,488.4328083,30.29810471,,,,,,,,,,,,,,,,,,,,,,,,,,,,
JFSP,BF,BF73,65.12,-147.45,BF73,2,92,> 20 years,0.016666667,166.8316168,0.97,1999.429319,0.016891892,0.077013629,0.046952761,Spruce,8151.168925,864.7373917,7166.714958,243.4121622,3.230462064,237.409463,33.4871062,267.6822617,30.18714952,,,,,,,,,,,,,,,,,,,,,,,,,,,,
JFSP,BF,BF75,65.12,-147.47,BF75,2,79,> 20 years,0,0,0.38,3416.19188,0,0,0,Spruce,9241.013084,1056.42278,8087.173867,274.3704616,3.30189104,268.742336,33.68078703,319.9447732,30.0926679,,,,,,,,,,,,,,,,,,,,,,,,,,,,
JFSP,BF,BF76,65.12,-147.47,BF76,2,87,> 20 years,0.008333333,342.8357163,0.09,577.5524374,0.08474576,0.372490362,0.228618061,Spruce,6215.415252,546.00046,5653.38621,181.8405482,1.978941293,178.88669,34.18057916,275.9053348,31.60316852,,,,,,,,,,,,,,,,,,,,,,,,,,,,
JFSP,BF,BF77,65.13,-147.47,BF77,2,76,> 20 years,0,0,1.87,2022.79049,0,0,0,Spruce,6842.233576,848.4451417,5970.118376,202.6093976,3.749904771,196.676729,33.77056373,226.2577835,30.35498102,,,,,,,,,,,,,,,,,,,,,,,,,,,,
JFSP,BF,BF78,65.15,-147.48,BF78,2,94,> 20 years,0,0,0.52,1098.763769,0,0,0,Spruce,6789.448583,215.6674383,6489.59655,267.3749682,0.696099773,265.4899,25.3929851,309.8225954,24.44385474,,,,,,,,,,,,,,,,,,,,,,,,,,,,
JFSP,BF,BF79,65.15,-147.48,BF79,2,96,> 20 years,0,0,0.95,2392.092589,0,0,0,Spruce,3825.232085,554.2546833,3129.60236,101.0568777,2.044711484,96.79693,37.85226865,271.0674282,32.33162829,,,,,,,,,,,,,,,,,,,,,,,,,,,,
JFSP,BF,BF80,65.15,-147.47,BF80,2,84,> 20 years,0,0,0.7,1660.293055,0,0,0,Spruce,6623.142543,198.066105,6349.807676,211.5157108,0.671742425,209.601539,31.31276877,294.8542442,30.29466151,,,,,,,,,,,,,,,,,,,,,,,,,,,,
JFSP,BF,BF81,65.15,-147.47,BF81,2,176,> 20 years,0.008333333,45.0800728,0.77,968.0112218,0.010706638,0.044497542,0.02760209,Spruce,6862.612237,232.1224683,6541.13027,218.4984825,0.830261889,216.12458,31.40805446,279.5774097,30.26555457,,,,,,,,,,,,,,,,,,,,,,,,,,,,
JFSP,BF,BF82,65.15,-147.47,BF82,2,185,> 20 years,0,0,0.48,2878.424423,0,0,0,Spruce,11391.55458,1194.369542,9732.494167,333.2652795,2.917335829,324.749846,34.18164232,409.4042003,29.96920333,,,,,,,,,,,,,,,,,,,,,,,,,,,,
JFSP,BF,BF84,65.15,-147.48,BF84,2,94,> 20 years,0,0,0.6,1084.478234,0,0,0,Spruce,6371.61152,350.883525,5981.32007,190.7911576,1.395104246,188.39126,33.39573804,251.5106136,31.74945626,,,,,,,,,,,,,,,,,,,,,,,,,,,,
JFSP,BF,BF86,65.14,-147.46,BF86,2,87,> 20 years,0.008333333,103.5937819,1.21,2968.360581,0.006839945,0.033722435,0.02028119,Spruce,6901.087658,685.9910233,5730.8766,175.9494206,1.663095795,167.94432,39.22199707,412.4783583,34.12367027,,,,,,,,,,,,,,,,,,,,,,,,,,,,
JFSP,BF,BF87,65.14,-147.47,BF87,2,84,> 20 years,0.008333333,1241.664257,0.23,4151.105735,0.034965034,0.2302461,0.132605567,Spruce,10258.84352,1852.606908,7823.66114,273.0229651,5.035592904,260.93622,37.57502055,367.9024384,29.98304007,,,,,,,,,,,,,,,,,,,,,,,,,,,,
JFSP,BF,BF88,65.15,-147.34,BF88,2,84,> 20 years,0.016666667,66.7086957,0.72,710.5577208,0.022624435,0.08582475,0.054224593,Spruce,9472.580212,361.2526867,9076.667195,304.7568197,1.242528138,302.425174,31.08242244,290.740045,30.01293535,,,,,,,,,,,,,,,,,,,,,,,,,,,,
JFSP,BF,BF89,65.15,-147.34,BF89,2,85,> 20 years,0.066666667,411.8343191,1.35,1888.17899,0.047058824,0.179057363,0.113058094,Spruce,10954.9415,549.2944117,10192.72362,345.0183129,1.420851909,340.416283,31.75176822,386.5951182,29.94193912,,,,,,,,,,,,,,,,,,,,,,,,,,,,
JFSP,BF,BF90,65.15,-147.34,BF90,2,107,> 20 years,0,0,0.67,505.9405892,0,0,0,Spruce,7620.618302,198.3173133,7396.829685,246.2621629,0.527557119,245.242682,30.94514485,375.9162869,30.16126567,,,,,,,,,,,,,,,,,,,,,,,,,,,,
JFSP,DC,DC30,66.32,-150.41,DC30,2,70,> 20 years,0,0,0.08,33.30200279,0,0,0,Spruce,5817.38609,17.06770833,5797.95609,189.7710158,0.050219271,189.68722,30.65476603,339.8637215,30.56587624,,,,,,,,,,,,,,,,,,,,,,,,,,,,
JFSP,DC,DC31,66.32,-150.4,DC31,2,85,> 20 years,0,0,0.17,1739.403065,0,0,0,Spruce,6579.940853,980.4914008,5303.19977,181.7663375,2.517463916,175.51824,36.19999689,389.4758509,30.21452226,,,,,,,,,,,,,,,,,,,,,,,,,,,,
JFSP,DC,DC32,66.28,-150.36,DC32,2,148,> 20 years,0,0,0.87,5349.104089,0,0,0,Spruce,9619.60433,2674.089022,6867.565813,241.3911211,9.66310688,227.22628,39.85069661,276.7318064,30.22346629,,,,,,,,,,,,,,,,,,,,,,,,,,,,
JFSP,DC,DC33,66.27,-150.34,DC33,2,186,> 20 years,0,0,1.97,6200.478251,0,0,0,Spruce,6244.237876,1245.622526,5108.831826,173.6873411,5.29398102,167.358112,35.95102462,235.2903271,30.52634715,,,,,,,,,,,,,,,,,,,,,,,,,,,,
JFSP,DC,DC34,66.21,-150.27,DC34,2,90,> 20 years,0,0,0.04,0,0,0,0,Spruce,8285.15716,17.06770833,8265.73716,288.6182558,0.050219271,288.54446,28.70628241,339.8637215,28.64632078,,,,,,,,,,,,,,,,,,,,,,,,,,,,
JFSP,DC,DC35,66.21,-150.26,DC35,2,90,> 20 years,0,0,0.83,1168.231305,0,0,0,Spruce,6673.55105,166.2382017,6405.78985,236.3337129,0.434327519,234.54642,28.23782933,382.7484892,27.31139469,,,,,,,,,,,,,,,,,,,,,,,,,,,,
JFSP,DC,DC36,66.21,-150.26,DC36,2,90,> 20 years,0.016666667,633.1187644,0.5,3009.492168,0.032258065,0.173809055,0.10303356,Spruce,7407.139682,1080.45118,6246.256049,212.3455962,3.717018393,206.076591,34.88247373,290.6768452,30.31036188,,,,,,,,,,,,,,,,,,,,,,,,,,,,
JFSP,DC,DC37,66.21,-150.23,DC37,2,90,> 20 years,0.058333333,2375.845878,0.78,4965.186684,0.069582505,0.323639196,0.196610851,Spruce,10248.03348,2348.475684,6900.63215,246.0109994,5.653620129,229.68904,41.65681009,415.3932578,30.04336711,,,,,,,,,,,,,,,,,,,,,,,,,,,,
JFSP,DC,DC38,66.19,-150.22,DC38,2,122,> 20 years,0,0,1.4,4077.293349,0,0,0,Spruce,8142.788629,1610.204595,5440.854504,194.9070691,3.761370619,178.660327,41.77780041,428.0898529,30.45362446,,,,,,,,,,,,,,,,,,,,,,,,,,,,
JFSP,DC,DC39,66.17,-150.2,DC39,2,95,> 20 years,0.008333333,13.38263298,2.03,2318.30911,0.004088307,0.005739452,0.00491388,Spruce,6828.223613,576.4123417,5839.34438,196.8134894,1.296795752,190.35303,34.69388015,444.4896899,30.67639312,,,,,,,,,,,,,,,,,,,,,,,,,,,,
JFSP,DC,DC40,66.16,-150.2,DC40,2,92,> 20 years,0.083333333,505.8487535,1.31,3329.169064,0.059808612,0.131902582,0.095855597,Spruce,6484.468638,990.1182975,5010.76038,174.1755638,2.664067444,165.60127,37.22949705,371.6566184,30.2579828,,,,,,,,,,,,,,,,,,,,,,,,,,,,
JFSP,DC,DC41,66.16,-150.18,DC41,2,101,> 20 years,0,0,2.08,1811.431747,0,0,0,Spruce,6067.179545,629.3762975,4900.084895,168.2725258,1.355404694,160.252264,36.05567526,464.3456676,30.57732086,,,,,,,,,,,,,,,,,,,,,,,,,,,,
JFSP,DC,DC42,66.15,-150.18,DC42,2,90,> 20 years,0,0,1.83,7455.707754,0,0,0,Spruce,8070.209697,2277.278332,3885.278947,148.9959835,4.543140247,125.707772,54.16394126,501.2564456,30.9072294,,,,,,,,,,,,,,,,,,,,,,,,,,,,
JFSP,DC,DC43,66.15,-150.18,DC43,2,93,> 20 years,0.016666667,0,1.12,278.6142876,0.014662757,0,0.007331379,Spruce,7995.479033,107.368375,7799.530458,260.5229679,0.297764568,258.950813,30.69011188,360.5814343,30.11973729,,,,,,,,,,,,,,,,,,,,,,,,,,,,
JFSP,DC,DC44,66.14,-150.17,DC44,2,97,> 20 years,0.016666667,52.2841942,2.13,1728.332102,0.007763975,0.029362976,0.018563476,Spruce,6057.8266,653.8033317,5161.6259,175.9545054,2.00440376,170.39292,34.42836878,326.183449,30.29249044,,,,,,,,,,,,,,,,,,,,,,,,,,,,
JFSP,DC,DC46,66.11,-150.16,DC46,2,94,> 20 years,0.016666667,18.54586,1.29,2798.339007,0.012755102,0.006583819,0.009669461,Spruce,5209.230403,1088.573924,3755.41077,131.5526458,3.332150604,123.0309,39.59806639,326.6880923,30.52412662,,,,,,,,,,,,,,,,,,,,,,,,,,,,
JFSP,DC,DC47,66.12,-150.16,DC47,2,80,> 20 years,0,0,0.28,220.5393007,0,0,0,Spruce,8509.354357,145.6976083,8363.31154,278.7453065,0.433443679,278.142198,30.52734578,336.139654,30.06847433,,,,,,,,,,,,,,,,,,,,,,,,,,,,
JFSP,DC,DC48,66.11,-150.16,DC48,2,97,> 20 years,0,0,0.57,2695.833975,0,0,0,Spruce,5263.845034,517.604675,4290.280867,145.5546364,1.03045115,139.494236,36.1640492,502.3087946,30.75597236,,,,,,,,,,,,,,,,,,,,,,,,,,,,
JFSP,DC,DC49,66.11,-150.15,DC49,2,87,> 20 years,0,0,1.75,1984.022011,0,0,0,Spruce,6215.244493,610.81565,5524.24491,188.1466786,2.451094704,183.54479,33.0340378,249.2011626,30.09753047,,,,,,,,,,,,,,,,,,,,,,,,,,,,
JFSP,DC,DC50,66.09,-150.16,DC50,2,150,> 20 years,0,0,0.26,276.2638949,0,0,0,Spruce,9921.548352,259.3292867,9674.965485,324.322661,1.139249869,322.791542,30.59159764,227.6316142,29.97279738,,,,,,,,,,,,,,,,,,,,,,,,,,,,
JFSP,DC,DC51,66.07,-150.17,DC51,2,88,> 20 years,0.1,935.4532729,0.36,1271.933949,0.217391304,0.423783043,0.320587174,Spruce,4014.350862,469.8709492,3367.39362,113.1923311,0.976096569,109.87278,35.46486605,481.3775236,30.64811521,,,,,,,,,,,,,,,,,,,,,,,,,,,,
JFSP,DC,DC52,66.07,-150.17,DC52,2,94,> 20 years,0.033333333,476.1274679,1.35,3702.878375,0.024096385,0.11393319,0.069014788,Spruce,4529.21259,1433.306715,2246.09504,83.10731931,3.093290359,69.909148,54.4983598,463.3599012,32.12877147,,,,,,,,,,,,,,,,,,,,,,,,,,,,
JFSP,DC,DC53,66.07,-150.17,DC53,2,88,> 20 years,0.008333333,8.082113449,0.96,5415.824799,0.008605852,0.001490091,0.005047972,Spruce,8247.859773,1968.639671,5079.23399,184.1654818,3.971027195,167.92329,44.78504708,495.7507401,30.24734681,,,,,,,,,,,,,,,,,,,,,,,,,,,,
JFSP,DC,DC54,65.91,-149.78,DC54,2,74,> 20 years,0,0,2.38,2883.06894,0,0,0,Spruce,8562.674178,606.3361292,7413.16587,357.8921932,1.197237017,350.51,23.92528907,506.4461929,21.14965584,,,,,,,,,,,,,,,,,,,,,,,,,,,,
JFSP,DC,DC55,65.9,-149.75,DC55,2,83,> 20 years,0.45,3396.128933,0.82,4985.091361,0.354330709,0.405206976,0.379768843,Mixed,6430.704173,3194.50645,2794.53514,108.2538832,10.03305995,88.578318,59.40391223,318.3980228,31.54874921,,,,,,,,,,,,,,,,,,,,,,,,,,,,
JFSP,DC,DC56,65.9,-149.75,DC56,2,86,> 20 years,0.3,2088.360881,1.15,4267.604294,0.206896552,0.328567074,0.267731813,Spruce,5840.262799,2032.673518,3335.304749,120.9429228,6.343998065,106.986381,48.28941341,320.408912,31.17504039,,,,,,,,,,,,,,,,,,,,,,,,,,,,
JFSP,DC,DC57,65.88,-149.72,DC57,2,80,> 20 years,0.011111111,0,0.38,0,0.028409091,0.028409091,0.028409091,Spruce,7178.639907,33.1832,7139.86824,236.830093,0.25854,236.495588,30.31135028,128.348418,30.19028093,,,,,,,,,,,,,,,,,,,,,,,,,,,,
JFSP,TC,TC1,64.06,-142.02,TC1,2,30,> 20 years,0.025,38.25198866,0.58,264.3261811,0.041322314,0.126420187,0.083871251,Spruce,3950.008553,154.539865,3761.88942,124.878011,0.413888286,123.94533,31.63093745,373.3854526,30.35119936,,,,,,,,,,,,,,,,,,,,,,,,,,,,
JFSP,TC,TC10,63.85,-142.22,TC10,2,47,> 20 years,0,0,1.2,974.115406,0,0,0,Spruce,4855.402785,310.2880575,4395.32271,145.4871754,0.880706308,142.5058,33.37340747,352.3172875,30.84311453,,,,,,,,,,,,,,,,,,,,,,,,,,,,
JFSP,TC,TC11,63.85,-142.22,TC11,2,30,> 20 years,0,0,1.13,1421.672159,0,0,0,Spruce,6593.616582,1137.781415,5486.877449,187.4471432,5.408320449,180.226971,35.17587129,210.3761095,30.4442638,,,,,,,,,,,,,,,,,,,,,,,,,,,,
JFSP,TC,TC12,63.82,-142.21,TC12,2,31,> 20 years,0,0,0.35,1192.722952,0,0,0,Spruce,4957.898164,752.6122,3899.085831,132.0009875,2.312974106,126.177765,37.55955359,325.3872138,30.90152874,,,,,,,,,,,,,,,,,,,,,,,,,,,,
JFSP,TC,TC13,63.66,-142.29,TC13,2,66,> 20 years,0,0,0.18,1227.36853,0,0,0,Spruce,6818.240658,818.6721592,5715.05195,205.8126717,2.424362687,199.78625,33.12838128,337.6855136,28.60583223,,,,,,,,,,,,,,,,,,,,,,,,,,,,
JFSP,TC,TC15,63.63,-142.32,TC15,2,98,> 20 years,0,0,0.68,3945.983218,0,0,0,Spruce,7288.464046,1411.005048,4969.119313,175.1032852,2.792194763,162.60223,41.62379957,505.3390497,30.55997026,,,,,,,,,,,,,,,,,,,,,,,,,,,,
JFSP,TC,TC17,63.56,-142.37,TC17,2,155,> 20 years,0,0,2.25,1880.602052,0,0,0,Spruce,9038.390743,655.8679967,7995.127976,272.9603042,1.92228207,265.609049,33.11247314,341.1923811,30.10111292,,,,,,,,,,,,,,,,,,,,,,,,,,,,
JFSP,TC,TC18,63.56,-142.37,TC18,2,115,> 20 years,0,0,0.4,2329.764437,0,0,0,Spruce,7403.213166,828.2380517,6119.692949,208.7437231,1.799247363,201.768321,35.46556062,460.3247273,30.33029625,,,,,,,,,,,,,,,,,,,,,,,,,,,,
JFSP,TC,TC2,64.05,-142.06,TC2,2,158,> 20 years,0,0,0.75,4829.036101,0,0,0,Spruce,9314.814949,1331.694012,7098.600999,247.2144083,2.543584857,235.090831,37.67909408,523.5500629,30.19514189,,,,,,,,,,,,,,,,,,,,,,,,,,,,
JFSP,TC,TC20,63.53,-142.39,TC20,2,102,> 20 years,0,0,1.4,2467.461244,0,0,0,Spruce,6306.180605,387.3805933,5509.888922,186.8390566,0.773809753,181.010293,33.75193988,500.6147723,30.43964424,,,,,,,,,,,,,,,,,,,,,,,,,,,,
JFSP,TC,TC23,63.46,-142.47,TC23,2,96,> 20 years,0,0,0.94,4818.635622,0,0,0,Spruce,8206.418197,1271.549619,6114.16383,213.6562147,2.518655197,202.85366,38.40945235,504.8525977,30.14076172,,,,,,,,,,,,,,,,,,,,,,,,,,,,
JFSP,TC,TC25,63.42,-142.48,TC25,2,173,> 20 years,0,0,1,2322.893888,0,0,0,Spruce,6852.753775,735.0767867,5865.4781,197.7342862,2.0869043,192.43308,34.65637601,352.2331075,30.48061227,,,,,,,,,,,,,,,,,,,,,,,,,,,,
JFSP,TC,TC26,63.52,-142.39,TC26,2,101,> 20 years,0,0,1.17,2298.766962,0,0,0,Spruce,10574.32881,799.2119167,9332.76881,341.2276419,1.638849667,334.34369,30.98907448,487.6663997,27.91369806,,,,,,,,,,,,,,,,,,,,,,,,,,,,
JFSP,TC,TC27,63.4,-142.47,TC27,2,172,> 20 years,0,0,1.34,2860.065089,0,0,0,Spruce,9108.238048,659.8558125,8171.28659,301.2502188,2.064382053,295.7054,30.23479314,319.6384175,27.63320044,,,,,,,,,,,,,,,,,,,,,,,,,,,,
JFSP,TC,TC28,63.4,-142.49,TC28,2,104,> 20 years,0,0,0.45,4286.826663,0,0,0,Spruce,6636.074318,1935.212575,3979.625985,142.4891114,5.014994148,128.919392,46.57250126,385.8853107,30.86910296,,,,,,,,,,,,,,,,,,,,,,,,,,,,
JFSP,TC,TC29,63.39,-142.52,TC29,2,104,> 20 years,0,0,0.53,4224.949903,0,0,0,Spruce,7657.338257,1648.13153,4930.44314,175.5823821,3.228718048,161.87035,43.61108538,510.4600357,30.45921097,,,,,,,,,,,,,,,,,,,,,,,,,,,,
JFSP,TC,TC3,64.04,-142.06,TC3,2,29,> 20 years,0,0,0.6,700.2689386,0,0,0,Spruce,4244.531683,281.699395,3756.4147,124.6508192,0.61427178,121.32117,34.05137416,458.590813,30.96256573,,,,,,,,,,,,,,,,,,,,,,,,,,,,
JFSP,TC,TC4,64.02,-142.08,TC4,2,100,> 20 years,0,0,1.55,2785.835104,0,0,0,Spruce,9762.346478,1028.637728,8388.840636,306.7266321,3.296347732,298.575737,31.82751498,312.0537673,28.09619,,,,,,,,,,,,,,,,,,,,,,,,,,,,
JFSP,TC,TC5,64.02,-142.09,TC5,2,101,> 20 years,0,0,0.98,3710.464723,0,0,0,Spruce,5210.350848,895.812115,3772.522731,129.9872578,1.86129243,121.869495,40.08355077,481.2849935,30.9554309,,,,,,,,,,,,,,,,,,,,,,,,,,,,
JFSP,TC,TC6,63.98,-142.16,TC6,2,87,> 20 years,0,0,0.52,938.0832932,0,0,0,Spruce,6948.236195,329.80256,6418.842095,215.5815898,0.823749518,211.951504,32.23019276,400.3675302,30.28448477,,,,,,,,,,,,,,,,,,,,,,,,,,,,
JFSP,TC,TC7,63.98,-142.16,TC7,2,98,> 20 years,0,0,1.6,1941.951273,0,0,0,Spruce,8948.199791,685.8466467,7672.967358,262.773642,1.342863927,254.642543,34.05288187,510.7342843,30.1323073,,,,,,,,,,,,,,,,,,,,,,,,,,,,
JFSP,TC,TC8,63.96,-142.17,TC8,2,95,> 20 years,0.111111111,2332.155736,0.92,2878.302446,0.107758621,0.447591297,0.277674959,Spruce,6274.641742,1141.965837,4542.0554,158.9546175,2.261712969,149.94319,39.47442258,504.9119197,30.29184186,,,,,,,,,,,,,,,,,,,,,,,,,,,,
JFSP,TC,TC9,63.86,-142.23,TC9,2,34,> 20 years,0.033333333,0.581,0.933333333,NA,0.034482759,0.095847408,0.065165084,Spruce,4155.878535,891.2777367,3220.247385,108.2075646,3.409464227,103.069772,38.4065435,261.412843,31.24337352,,,,,,,,,,,,,,,,,,,,,,,,,,,,
JFSP,BF,BF58,65.29,-146.55,BF58,1,0,Seedlings,0.79,NA,0.7,NA,0.530201342,0.530201342,0.530201342,Mixed,1941.583719,613.6446283,1327.939091,50.0796467,1.7348287,48.344818,38.76991647,353.7205883,27.46807509,,,,,,,,,,,,,,,,,,,,,,,,,,,,
JFSP,BF,BF59,65.29,-146.55,BF59,1,0,Seedlings,0.86,NA,2.1,NA,0.290540541,0.290540541,0.290540541,Spruce,5173.393565,1397.940838,3775.452727,139.1491779,2.854359943,136.294818,37.17875766,489.7563257,27.70063295,,,,,,,,,,,,,,,,,,,,,,,,,,,,
JFSP,BF,BF60,65.29,-146.55,BF60,1,0,Seedlings,0,0,0.6,1.62,0,0,0,Spruce,3683.677047,688.5815917,2995.095455,113.8950965,2.497551521,111.397545,32.34271851,275.7026575,26.88654813,,,,,,,,,,,,,,,,,,,,,,,,,,,,
JFSP,BF,BF61,65.35,-146.67,BF61,1,0,Seedlings,0.1,13.28,0.6,13.27,0.142857143,0.500188324,0.321522734,Spruce,4003.541011,777.7885508,3225.75246,74.25153081,2.179760808,72.07177,53.91863262,356.8228899,44.75750297,,,,,,,,,,,,,,,,,,,,,,,,,,,,
JFSP,BF,BF64,65.3,-146.72,BF64,1,0,Seedlings,1,143.45,0,0,1,1,1,Deciduous,1705.060526,157.9187083,1547.141818,53.64714311,0.339598108,53.307545,31.78287654,465.016455,29.02294259,,,,,,,,,,,,,,,,,,,,,,,,,,,,
JFSP,BF,BF65,65.3,-146.72,BF65,1,0,Seedlings,0.4,4.55,0.4,4.91,0.5,0.480972516,0.490486258,Mixed,2707.575728,849.418455,1858.157273,69.11737288,2.547099884,66.570273,39.17359146,333.4845486,27.91271823,,,,,,,,,,,,,,,,,,,,,,,,,,,,
JFSP,BF,BF68,65.28,-146.74,BF68,1,0,Seedlings,0.5,23.8,0.6,0.57,0.454545455,0.976610587,0.715578021,Deciduous,3565.213527,254.465345,3310.748182,115.7154956,0.50231359,115.213182,30.81016513,506.5866225,28.73584537,,,,,,,,,,,,,,,,,,,,,,,,,,,,
JFSP,BF,BF70,65.12,-147.43,BF70,1,0,Seedlings,4.4,386.52,4.1,6.22,0.517647059,0.98416255,0.750904805,Deciduous,4270.648854,825.1406717,3445.508182,131.1733339,2.270333948,128.903,32.55729442,363.4446256,26.72946465,,,,,,,,,,,,,,,,,,,,,,,,,,,,
JFSP,BF,BF71,65.12,-147.43,BF71,1,0,Seedlings,3.7,180.79,2.1,17.26,0.637931034,0.91285029,0.775390662,Deciduous,3071.772404,516.681495,2555.090909,97.57434999,1.03225899,96.542091,31.48135144,500.5347495,26.46608213,,,,,,,,,,,,,,,,,,,,,,,,,,,,
JFSP,BF,BF72,65.12,-147.43,BF72,1,0,Seedlings,7.6,69.5,6.5,9.9,0.539007092,0.875314861,0.707160977,Deciduous,2931.730228,1193.43841,1738.291818,66.99747792,2.43811392,64.559364,43.75881479,489.4924721,26.92547928,,,,,,,,,,,,,,,,,,,,,,,,,,,,
JFSP,BF,BF73,65.12,-147.45,BF73,1,0,Seedlings,5.1,197.54,4.9,4.79,0.51,0.976325804,0.743162902,Deciduous,3388.888301,849.7373917,2539.150909,96.08928006,3.194462064,92.894818,35.26812042,266.0032815,27.33361197,,,,,,,,,,,,,,,,,,,,,,,,,,,,
JFSP,BF,BF75,65.12,-147.47,BF75,1,0,Seedlings,0.4,87.53,0.2,9.17,0.666666667,0.905170631,0.785918649,Deciduous,3568.540053,1041.42278,2527.117273,92.95980004,3.26589104,89.693909,38.38799192,318.8786053,28.17490397,,,,,,,,,,,,,,,,,,,,,,,,,,,,
JFSP,BF,BF76,65.12,-147.47,BF76,1,0,Seedlings,7.8,243.9,2.2,14,0.78,0.945715394,0.862857697,Deciduous,2675.09499,531.00046,2144.09453,69.48428129,1.942941293,67.54134,38.49928272,273.2972231,31.74492141,,,,,,,,,,,,,,,,,,,,,,,,,,,,
JFSP,BF,BF77,65.13,-147.47,BF77,1,0,Seedlings,10.1,56.39,5.4,6.77,0.651612903,0.892811906,0.772212405,Deciduous,3179.138778,833.4451417,2345.693636,89.84054077,3.713904771,86.126636,35.38646084,224.4120927,27.23540295,,,,,,,,,,,,,,,,,,,,,,,,,,,,
JFSP,BF,BF78,65.15,-147.48,BF78,1,0,Seedlings,3.8,18.26,0.6,7.24,0.863636364,0.716078431,0.789857398,Deciduous,5889.994908,200.6674383,5689.32747,244.6712598,0.660099773,244.01116,24.07309675,303.9956178,23.31584945,,,,,,,,,,,,,,,,,,,,,,,,,,,,
JFSP,BF,BF79,65.15,-147.48,BF79,1,0,Seedlings,22.4,42.83,11.2,25.81,0.666666667,0.623980186,0.645323427,Mixed,1485.320313,539.2546833,946.06563,36.28141148,2.008711484,34.2727,40.93887896,268.4580078,27.60405892,,,,,,,,,,,,,,,,,,,,,,,,,,,,
JFSP,BF,BF80,65.15,-147.47,BF80,1,0,Seedlings,15,179.58,8.2,18.11,0.646551724,0.908391927,0.777471826,Deciduous,1931.455196,183.066105,1748.389091,61.49901543,0.635742425,60.863273,31.40627834,287.9564078,28.72650459,,,,,,,,,,,,,,,,,,,,,,,,,,,,
JFSP,BF,BF81,65.15,-147.47,BF81,1,0,Seedlings,13.5,335.76,11.5,5.8,0.54,0.983019089,0.761509545,Deciduous,4605.258178,217.1224683,4388.13571,147.0424219,0.794261889,146.24816,31.31924868,273.3638253,30.00472423,,,,,,,,,,,,,,,,,,,,,,,,,,,,
JFSP,BF,BF82,65.15,-147.47,BF82,1,0,Seedlings,14.9,114.9,2.1,3.09,0.876470588,0.97381134,0.925140964,Deciduous,3509.873178,1179.369542,2330.503636,79.76419983,2.881335829,76.882864,44.003114,409.3134615,30.31239362,,,,,,,,,,,,,,,,,,,,,,,,,,,,
JFSP,BF,BF84,65.15,-147.48,BF84,1,0,Seedlings,1.1,4.71,12.9,4.67,0.078571429,0.502132196,0.290351813,Spruce,5228.614445,335.883525,4892.73092,143.0438642,1.359104246,141.68476,36.55252515,247.1359544,34.53251373,,,,,,,,,,,,,,,,,,,,,,,,,,,,
JFSP,BF,BF86,65.14,-147.46,BF86,1,0,Seedlings,25.2,29.43,16.3,9.58,0.607228916,0.754421943,0.68082543,Deciduous,2030.686503,670.9910233,1359.69548,39.6636458,1.627095795,38.03655,51.19767643,412.3856907,35.74707696,,,,,,,,,,,,,,,,,,,,,,,,,,,,
JFSP,BF,BF87,65.14,-147.47,BF87,1,0,Seedlings,52.1,132.03,6.6,3.09,0.887563884,0.977131439,0.932347662,Deciduous,2840.599098,1837.606908,1002.99219,44.3331229,4.999592904,39.33353,64.07396799,367.5513073,25.49967394,,,,,,,,,,,,,,,,,,,,,,,,,,,,
JFSP,BF,BF88,65.15,-147.34,BF88,1,0,Seedlings,1.1,11.23,6.3,1.29,0.148648649,0.896964856,0.522806753,Mixed,6503.629051,346.2526867,6157.376364,210.2422101,1.206528138,209.035682,30.93398346,286.9826868,29.45610197,,,,,,,,,,,,,,,,,,,,,,,,,,,,
JFSP,BF,BF89,65.15,-147.34,BF89,1,0,Seedlings,0,0,2.6,0.1,0,0,0,Spruce,6951.20623,534.2944117,6416.911818,213.5488519,1.384851909,212.164,32.55089488,385.8133915,30.24505485,,,,,,,,,,,,,,,,,,,,,,,,,,,,
JFSP,BF,BF90,65.15,-147.34,BF90,1,0,Seedlings,0.1,12.34,6.5,2.86,0.015151515,0.811842105,0.41349681,Mixed,5596.891858,183.3173133,5413.574545,191.0713301,0.491557119,190.579773,29.2921594,372.9318653,28.40581904,,,,,,,,,,,,,,,,,,,,,,,,,,,,
JFSP,DC,DC30,66.32,-150.41,DC30,1,0,Seedlings,2.7,364.49,0.6,26.01,0.818181818,0.933393086,0.875787452,Deciduous,1210.179508,2.067708333,1208.1118,46.42453927,0.014219271,46.41032,26.06766868,145.4159171,26.03110257,,,,,,,,,,,,,,,,,,,,,,,,,,,,
JFSP,DC,DC31,66.32,-150.4,DC31,1,0,Seedlings,0.7,2.01,0.4,0.26,0.636363636,0.885462555,0.760913096,Deciduous,1392.346361,965.4914008,426.85496,18.12536392,2.481463916,15.6439,76.81756721,389.0813784,27.28571264,,,,,,,,,,,,,,,,,,,,,,,,,,,,
JFSP,DC,DC32,66.28,-150.36,DC32,1,0,Seedlings,0,0,6,0.23,0,0,0,Spruce,6614.923567,2659.089022,3955.834545,152.1590619,9.62710688,142.531955,43.47374047,276.2085282,27.7540187,,,,,,,,,,,,,,,,,,,,,,,,,,,,
JFSP,DC,DC33,66.27,-150.34,DC33,1,0,Seedlings,0,0,2.6,6.12,0,0,0,Spruce,4394.131097,1230.622526,3163.508571,105.045124,5.25798102,99.787143,41.83089066,234.0484915,31.70256684,,,,,,,,,,,,,,,,,,,,,,,,,,,,
JFSP,DC,DC34,66.21,-150.27,DC34,1,0,Seedlings,0.5,12.77,0.6,2.15,0.454545455,0.855898123,0.655221789,Mixed,7316.004178,2.067708333,7313.93647,283.4897293,0.014219271,283.47551,25.80694615,145.4159171,25.80094651,,,,,,,,,,,,,,,,,,,,,,,,,,,,
JFSP,DC,DC35,66.21,-150.26,DC35,1,0,Seedlings,0.9,5.77,7.8,14.53,0.103448276,0.284236453,0.193842365,Spruce,5097.653672,151.2382017,4946.41547,213.0562175,0.398327519,212.65789,23.92633142,379.6830359,23.25996684,,,,,,,,,,,,,,,,,,,,,,,,,,,,
JFSP,DC,DC36,66.21,-150.26,DC36,1,0,Seedlings,3.1,29.07,17.2,7.84,0.15270936,0.787591439,0.4701504,Mixed,3440.728453,1065.45118,2375.277273,88.71801839,3.681018393,85.037,38.7827469,289.4446771,27.93227975,,,,,,,,,,,,,,,,,,,,,,,,,,,,
JFSP,DC,DC37,66.21,-150.23,DC37,1,0,Seedlings,9.5,57.54,8.8,6.62,0.519125683,0.896820449,0.707973066,Deciduous,2805.183174,2333.475684,471.70749,23.02988013,5.617620129,17.41226,121.8062429,415.3850973,27.09053793,,,,,,,,,,,,,,,,,,,,,,,,,,,,
JFSP,DC,DC38,66.19,-150.22,DC38,1,0,Seedlings,2.4,4.13,24,5.96,0.090909091,0.409316155,0.250112623,Spruce,4404.840959,1595.204595,2809.636364,103.5571436,3.725370619,99.831773,42.53536555,428.2002405,28.14370896,,,,,,,,,,,,,,,,,,,,,,,,,,,,
JFSP,DC,DC39,66.17,-150.2,DC39,1,0,Seedlings,6.2,61.06,22.2,11.78,0.218309859,0.838275673,0.528292766,Mixed,1872.568032,561.4123417,1311.15569,42.44958575,1.260795752,41.18879,44.1127516,445.2841317,31.83282854,,,,,,,,,,,,,,,,,,,,,,,,,,,,
JFSP,DC,DC40,66.16,-150.2,DC40,1,0,Seedlings,24.1,20.02,6.5,0.4,0.787581699,0.980411361,0.88399653,Deciduous,1301.272068,975.1182975,326.15377,14.30170744,2.628067444,11.67364,90.98718266,371.0400582,27.93933769,,,,,,,,,,,,,,,,,,,,,,,,,,,,
JFSP,DC,DC41,66.16,-150.18,DC41,1,0,Seedlings,5.8,65.89,13.4,16.48,0.302083333,0.799927158,0.551005246,Mixed,3031.721753,614.3762975,2417.345455,89.79058669,1.319404694,88.471182,33.76436065,465.6465907,27.32353519,,,,,,,,,,,,,,,,,,,,,,,,,,,,
JFSP,DC,DC42,66.15,-150.18,DC42,1,0,Seedlings,26.2,20.41,8.6,0.71,0.752873563,0.966382576,0.85962807,Deciduous,3326.419241,2262.278332,1064.140909,42.42832225,4.507140247,37.921182,78.40091394,501.9320918,28.06191297,,,,,,,,,,,,,,,,,,,,,,,,,,,,
JFSP,DC,DC43,66.15,-150.18,DC43,1,0,Seedlings,0.2,0.83,5.3,2.29,0.036363636,0.266025641,0.151194639,Spruce,7008.297466,92.368375,6915.929091,249.8172196,0.261764568,249.555455,28.05370053,352.8681353,27.71299506,,,,,,,,,,,,,,,,,,,,,,,,,,,,
JFSP,DC,DC44,66.14,-150.17,DC44,1,0,Seedlings,1.8,49.74,16.9,6.99,0.096256684,0.87678477,0.486520727,Mixed,3178.565672,638.8033317,2539.76234,99.31592376,1.96840376,97.34752,32.00459253,324.5286077,26.08964604,,,,,,,,,,,,,,,,,,,,,,,,,,,,
JFSP,DC,DC46,66.11,-150.16,DC46,1,0,Seedlings,3.7,62.95,9.2,9.38,0.286821705,0.870316604,0.578569155,Mixed,1442.285274,1073.573924,368.71135,16.6476706,3.296150604,13.35152,86.63586085,325.7053615,27.61568346,,,,,,,,,,,,,,,,,,,,,,,,,,,,
JFSP,DC,DC47,66.12,-150.16,DC47,1,0,Seedlings,0,0,6.4,8.76,0,0,0,Spruce,6339.01983,130.6976083,6208.322222,234.2082217,0.397443679,233.810778,27.06574425,328.8456081,26.5527632,,,,,,,,,,,,,,,,,,,,,,,,,,,,
JFSP,DC,DC48,66.11,-150.16,DC48,1,0,Seedlings,7.3,92.77,8.4,13.1,0.464968153,0.876263342,0.670615748,Deciduous,1376.224675,502.604675,873.62,31.38745115,0.99445115,30.393,43.84633427,505.4091144,28.74411871,,,,,,,,,,,,,,,,,,,,,,,,,,,,
JFSP,DC,DC49,66.11,-150.15,DC49,1,0,Seedlings,3,3.06,24.4,13.13,0.109489051,0.189005559,0.149247305,Spruce,3950.04805,595.81565,3354.2324,126.1679947,2.415094704,123.7529,31.30784522,246.7048804,27.10427311,,,,,,,,,,,,,,,,,,,,,,,,,,,,
JFSP,DC,DC50,66.09,-150.16,DC50,1,0,Seedlings,5,0,12.4,1.02,0.287356322,0,0.143678161,Spruce,8309.688378,244.3292867,8065.359091,291.6262499,1.103249869,290.523,28.49430866,221.4632365,27.76151661,,,,,,,,,,,,,,,,,,,,,,,,,,,,
JFSP,DC,DC51,66.07,-150.17,DC51,1,0,Seedlings,3.2,215.78,1.4,8.68,0.695652174,0.961329413,0.828490794,Deciduous,870.7835192,454.8709492,415.91257,16.15257657,0.940096569,15.21248,53.90988338,483.8555572,27.34022132,,,,,,,,,,,,,,,,,,,,,,,,,,,,
JFSP,DC,DC52,66.07,-150.17,DC52,1,0,Seedlings,17.4,34.46,7.1,14.25,0.710204082,0.707452269,0.708828176,Deciduous,2428.546715,1418.306715,1010.24,36.84929036,3.057290359,33.792,65.90484352,463.9097202,29.89583333,,,,,,,,,,,,,,,,,,,,,,,,,,,,
JFSP,DC,DC53,66.07,-150.17,DC53,1,0,Seedlings,9.1,29.13,3.4,0.92,0.728,0.969384359,0.84869218,Deciduous,2461.632391,1953.639671,507.99272,22.7778672,3.935027195,18.84284,108.0712417,496.4742489,26.95945622,,,,,,,,,,,,,,,,,,,,,,,,,,,,
JFSP,DC,DC54,65.91,-149.78,DC54,1,0,Seedlings,0.4,0.1,3.2,5.01,0.111111111,0.019569472,0.065340292,Spruce,7873.570429,591.3361292,7282.2343,305.293417,1.161237017,304.13218,25.79017427,509.2294859,23.94430704,,,,,,,,,,,,,,,,,,,,,,,,,,,,
JFSP,DC,DC55,65.9,-149.75,DC55,1,0,Seedlings,10.8,182.35,2.8,1.36,0.794117647,0.992597028,0.893357338,Deciduous,4566.067359,3179.50645,1386.560909,60.65824195,9.997059947,50.661182,75.27529998,318.0441517,27.36929646,,,,,,,,,,,,,,,,,,,,,,,,,,,,
JFSP,DC,DC56,65.9,-149.75,DC56,1,0,Seedlings,8.2,213.89,2.5,1.24,0.76635514,0.994236043,0.880295592,Deciduous,3799.9317,2017.673518,1782.258182,72.60463407,6.307998065,66.296636,52.33731633,319.8595651,26.88308622,,,,,,,,,,,,,,,,,,,,,,,,,,,,
JFSP,DC,DC57,65.88,-149.72,DC57,1,0,Seedlings,0,0,1.5,1.27,0,0,0,Spruce,5568.1432,18.1832,5549.96,206.11554,0.22254,205.893,27.01466954,81.70755819,26.95555458,,,,,,,,,,,,,,,,,,,,,,,,,,,,
JFSP,TC,TC1,64.06,-142.02,TC1,1,0,Seedlings,13,6.92,2.6,2.47,0.833333333,0.736954207,0.78514377,Deciduous,1604.986865,139.539865,1465.447,58.41239829,0.377888286,58.03451,27.47681849,369.2622136,25.25130306,,,,,,,,,,,,,,,,,,,,,,,,,,,,
JFSP,TC,TC10,63.85,-142.22,TC10,1,0,Seedlings,4.5,11.02,4.9,3.32,0.478723404,0.768479777,0.623601591,Mixed,2676.007228,295.2880575,2380.71917,82.32904631,0.844706308,81.48434,32.50380452,349.5748223,29.2168921,,,,,,,,,,,,,,,,,,,,,,,,,,,,
JFSP,TC,TC11,63.85,-142.22,TC11,1,0,Seedlings,7.4,0.81,3.6,1.17,0.672727273,0.409090909,0.540909091,Mixed,3487.03687,1122.781415,2364.255455,92.52441145,5.372320449,87.152091,37.68774981,208.9937534,27.12792577,,,,,,,,,,,,,,,,,,,,,,,,,,,,
JFSP,TC,TC12,63.82,-142.21,TC12,1,0,Seedlings,14.7,24.96,0.7,1.25,0.954545455,0.952308279,0.953426867,Deciduous,1797.2822,737.6122,1059.67,39.65797411,2.276974106,37.381,45.31956663,323.944044,28.34782376,,,,,,,,,,,,,,,,,,,,,,,,,,,,
JFSP,TC,TC13,63.66,-142.29,TC13,1,0,Seedlings,1,2.13,0.1,0.02,0.909090909,0.990697674,0.949894292,Deciduous,4467.223079,803.6721592,3663.55092,143.2369127,2.388362687,140.84855,31.18765265,336.4950238,26.01056894,,,,,,,,,,,,,,,,,,,,,,,,,,,,
JFSP,TC,TC15,63.63,-142.32,TC15,1,0,Seedlings,0.6,132.22,0.2,23.02,0.75,0.851713476,0.800856738,Deciduous,3324.817775,1396.005048,1928.812727,74.84373976,2.756194763,72.087545,44.4234586,506.4972428,26.75653231,,,,,,,,,,,,,,,,,,,,,,,,,,,,
JFSP,TC,TC17,63.56,-142.37,TC17,1,0,Seedlings,0.4,0.09,0.4,0.16,0.5,0.36,0.43,Mixed,6867.25527,640.8679967,6226.387273,212.7613731,1.88628207,210.875091,32.27679522,339.7519421,29.52642364,,,,,,,,,,,,,,,,,,,,,,,,,,,,
JFSP,TC,TC18,63.56,-142.37,TC18,1,0,Seedlings,0.1,1.94,0.3,0.27,0.25,0.877828054,0.563914027,Mixed,4254.525325,813.2380517,3441.287273,128.3580654,1.763247363,126.594818,33.14575763,461.2160884,27.1834766,,,,,,,,,,,,,,,,,,,,,,,,,,,,
JFSP,TC,TC2,64.05,-142.06,TC2,1,0,Seedlings,0,0,1.1,3.04,0,0,0,Spruce,5404.862376,1316.694012,4088.168364,144.5322939,2.507584857,142.024709,37.39553446,525.0845284,28.78490928,,,,,,,,,,,,,,,,,,,,,,,,,,,,
JFSP,TC,TC20,63.53,-142.39,TC20,1,0,Seedlings,0.1,16.06,0,0,1,1,1,Deciduous,3762.570593,372.3805933,3390.19,119.6680828,0.737809753,118.930273,31.44172203,504.7108578,28.50569426,,,,,,,,,,,,,,,,,,,,,,,,,,,,
JFSP,TC,TC23,63.46,-142.47,TC23,1,0,Seedlings,4.4,3,0.4,1.16,0.916666667,0.721153846,0.818910257,Deciduous,4339.945889,1256.549619,3083.39627,115.5288152,2.482655197,113.04616,37.56591705,506.131347,27.27555071,,,,,,,,,,,,,,,,,,,,,,,,,,,,
JFSP,TC,TC25,63.42,-142.48,TC25,1,0,Seedlings,0,0,2,1.89,0,0,0,Spruce,5628.023897,720.0767867,4907.94711,169.5017443,2.0509043,167.45084,33.20333912,351.1020903,29.30977898,,,,,,,,,,,,,,,,,,,,,,,,,,,,
JFSP,TC,TC26,63.52,-142.39,TC26,1,0,Seedlings,0.1,7.91,0.6,6.17,0.142857143,0.561789773,0.352323458,Mixed,8993.149947,784.2119167,8208.93803,329.0726397,1.602849667,327.46979,27.32876837,489.2610535,25.06777199,,,,,,,,,,,,,,,,,,,,,,,,,,,,
JFSP,TC,TC27,63.4,-142.47,TC27,1,0,Seedlings,0.2,0.06,3.4,1.96,0.055555556,0.02970297,0.042629263,Spruce,6449.678153,644.8558125,5804.82234,233.3127421,2.028382053,231.28436,27.64391733,317.9163469,25.09820526,,,,,,,,,,,,,,,,,,,,,,,,,,,,
JFSP,TC,TC28,63.4,-142.49,TC28,1,0,Seedlings,4,25.35,6.3,2.28,0.388349515,0.917480999,0.652915257,Mixed,3444.545302,1920.212575,1524.332727,59.33199415,4.978994148,54.353,58.05544465,385.6627499,28.04505229,,,,,,,,,,,,,,,,,,,,,,,,,,,,
JFSP,TC,TC29,63.39,-142.52,TC29,1,0,Seedlings,6.6,26.69,7.6,2.92,0.464788732,0.901384667,0.6830867,Deciduous,2534.034,1633.13153,900.90247,36.57394805,3.192718048,33.38123,69.28521899,511.5176177,26.98829462,,,,,,,,,,,,,,,,,,,,,,,,,,,,
JFSP,TC,TC3,64.04,-142.06,TC3,1,0,Seedlings,21,6.76,0.4,7.15,0.981308411,0.485981308,0.73364486,Deciduous,1785.159395,266.699395,1518.46,56.45127178,0.57827178,55.873,31.62301466,461.2007783,27.17699068,,,,,,,,,,,,,,,,,,,,,,,,,,,,
JFSP,TC,TC4,64.02,-142.08,TC4,1,0,Seedlings,0.1,0.15,2.6,0.27,0.037037037,0.357142857,0.197089947,Spruce,8041.711824,1013.637728,7028.074096,253.2372797,3.260347732,249.976932,31.75563974,310.898656,28.1148906,,,,,,,,,,,,,,,,,,,,,,,,,,,,
JFSP,TC,TC5,64.02,-142.09,TC5,1,0,Seedlings,1.3,113.73,0.4,7.33,0.764705882,0.939451512,0.852078697,Deciduous,2428.583024,880.812115,1547.770909,58.85647443,1.82529243,57.031182,41.26280154,482.5594521,27.13902912,,,,,,,,,,,,,,,,,,,,,,,,,,,,
JFSP,TC,TC6,63.98,-142.16,TC6,1,0,Seedlings,0,0,7.4,1.03,0,0,0,Spruce,4501.971651,314.80256,4187.169091,143.2280225,0.787749518,142.440273,31.43219861,399.6226628,29.39596368,,,,,,,,,,,,,,,,,,,,,,,,,,,,
JFSP,TC,TC7,63.98,-142.16,TC7,1,0,Seedlings,0.1,1.82,0.9,2.08,0.1,0.466666667,0.283333334,Spruce,6060.759374,670.8466467,5389.912727,188.0598639,1.306863927,186.753,32.22781963,513.325552,28.86118417,,,,,,,,,,,,,,,,,,,,,,,,,,,,
JFSP,TC,TC8,63.96,-142.17,TC8,1,0,Seedlings,1.3,198.8,2.9,6.55,0.30952381,0.968103238,0.638813524,Mixed,4536.914977,1126.965837,3409.94914,121.812903,2.225712969,119.58719,37.24494587,506.3392507,28.51433452,,,,,,,,,,,,,,,,,,,,,,,,,,,,
JFSP,TC,TC9,63.86,-142.23,TC9,1,0,Seedlings,9.2,191.93,1.1,2.48,0.893203883,0.987243455,0.940223669,Deciduous,2468.01501,876.2777367,1591.737273,62.14191923,3.373464227,58.768455,39.71578349,259.7560483,27.08489228,,,,,,,,,,,,,,,,,,,,,,,,,,,,
MD,MD58,A1,64.88167902,-148.391489,A1,1,55,> 20 years,0.6,2242.182537,0.05,0.021892382,0.923076923,0.999990236,0.96153358,Deciduous,8185.94965,5744.812122,2441.137528,122.7167251,35.96756895,84.20431302,66.70606345,159.7220021,28.99064715,,,,,,,,,,,,,,,,,,,,,,,,,,,,
MD,MD58,A1,64.88136998,-148.392246,A1,1,55,> 20 years,0.26,270.5928773,6.12,423.8590923,0.040752351,0.389649521,0.215200936,Spruce,8860.252855,3254.51537,5605.737486,192.1885684,26.41132757,162.4297842,46.1018724,123.2242249,34.5117585,,,,,,,,,,,,,,,,,,,,,,,,,,,,
MD,MD58,A2,64.88080798,-148.391501,A2,1,55,> 20 years,0.35,2807.351979,0.02,1.517631401,0.945945946,0.9994597,0.972702823,Deciduous,9027.760393,6928.521187,2099.239206,132.5116995,44.9513079,85.64389748,68.12802512,154.1339176,24.51125261,,,,,,,,,,,,,,,,,,,,,,,,,,,,
MD,MD58,A2,64.881387,-148.392841,A2,1,55,> 20 years,0.17,64.62823129,8.15,201.1860877,0.020432692,0.243132994,0.131782843,Spruce,4411.814645,1142.083656,3269.730989,86.94555875,9.906058366,72.84849251,50.74226571,115.2914322,44.88398972,,,,,,,,,,,,,,,,,,,,,,,,,,,,
MD,MD58,A3,64.88136001,-148.393553,A3,1,55,> 20 years,0.64,1970.683351,0.02,0.217826809,0.96969697,0.999889479,0.984793225,Deciduous,8079.179126,5219.92367,2859.255456,132.2079282,32.20845611,97.05641708,61.10964173,162.06687,29.45972603,,,,,,,,,,,,,,,,,,,,,,,,,,,,
MD,MD58,A3,64.87602904,-148.382426,A3,1,55,> 20 years,0.16,50.50066798,6.76,218.2628078,0.023121387,0.18790004,0.105510714,Spruce,5960.871185,1259.800965,4701.07022,135.7356479,9.83545774,121.1765048,43.91529622,128.0876802,38.79522872,,,,,,,,,,,,,,,,,,,,,,,,,,,,
MD,MD58,A4,64.87602602,-148.383174,A4,1,55,> 20 years,0.55,2607.149556,0.02,0.741673685,0.964912281,0.999715604,0.982313943,Deciduous,9361.556974,6583.258133,2778.298841,137.423009,41.85199747,92.85958435,68.12219469,157.2985408,29.9193547,,,,,,,,,,,,,,,,,,,,,,,,,,,,
MD,MD58,A4,64.87573701,-148.382757,A4,1,55,> 20 years,0.23,100.0171862,12.74,293.4801386,0.017733231,0.254175009,0.13595412,Spruce,6047.667186,1745.253133,4302.414053,142.8063174,19.30757149,118.2142829,42.34873706,90.39216216,36.39504422,,,,,,,,,,,,,,,,,,,,,,,,,,,,
MD,MD58,A5,64.87552998,-148.382685,A5,1,55,> 20 years,0.5,2114.758528,0.03,7.59676942,0.943396226,0.996420595,0.969908411,Deciduous,8169.272629,5709.463345,2459.809284,130.1914333,34.97428998,91.85993327,62.74815801,163.2474411,26.77782573,,,,,,,,,,,,,,,,,,,,,,,,,,,,
MD,MD58,A5,64.87569502,-148.382259,A5,1,55,> 20 years,0.41,278.5368746,4.56,400.4260541,0.08249497,0.410238708,0.246366839,Spruce,9905.906111,3332.653381,6573.25273,225.9376666,32.92404329,189.8836287,43.84353553,101.2224821,34.61726941,,,,,,,,,,,,,,,,,,,,,,,,,,,,
MD,MD58,B1,64.89593396,-148.452662,B1,1,55,> 20 years,0.72,1715.511372,0.74,7.660533667,0.493150685,0.9955544,0.744352543,Deciduous,6837.512785,4313.453861,2524.058924,115.0536909,27.26086519,84.64221323,59.42888692,158.2287954,29.82033229,,,,,,,,,,,,,,,,,,,,,,,,,,,,
MD,MD58,B1,64.89585802,-148.453067,B1,1,55,> 20 years,0.06,7.510910654,10.19,241.1500674,0.005853659,0.030205426,0.018029543,Spruce,6401.433802,1355.207194,5046.226607,172.0020865,26.42922027,141.1270361,37.2171869,51.27685117,35.75662571,,,,,,,,,,,,,,,,,,,,,,,,,,,,
MD,MD58,B2,64.89563699,-148.453377,B2,1,55,> 20 years,1.12,2003.087979,0.13,1.884430714,0.896,0.999060121,0.947530061,Deciduous,7343.060961,4977.446056,2365.614905,118.2042216,31.37427778,84.91222247,62.12181649,158.6473509,27.85953348,,,,,,,,,,,,,,,,,,,,,,,,,,,,
MD,MD58,B2,64.89590202,-148.452381,B2,1,55,> 20 years,0.08,10.71678861,8.43,272.3097781,0.009400705,0.037864956,0.023632831,Spruce,5929.337033,1495.373177,4433.963856,127.9891887,16.64827931,107.7035043,46.32685848,89.8214854,41.16824134,,,,,,,,,,,,,,,,,,,,,,,,,,,,
MD,MD58,B3,64.895582,-148.452431,B3,1,55,> 20 years,1.32,1706.706098,0.18,9.223577178,0.88,0.994624735,0.937312368,Deciduous,7393.897031,4892.125058,2501.771974,143.4927534,55.47629498,86.62549557,51.52801697,88.18406239,28.88031932,,,,,,,,,,,,,,,,,,,,,,,,,,,,
MD,MD58,B3,64.88334392,-148.3971348,B3,1,55,> 20 years,0.42,181.2448889,6.76,281.5831748,0.058495822,0.391603066,0.225049444,Spruce,7679.03697,2061.52146,5617.515511,175.9764246,20.15534681,153.1807511,43.63673707,102.2816168,36.67246354,,,,,,,,,,,,,,,,,,,,,,,,,,,,
MD,MD58,B4,64.88318425,-148.3977779,B4,1,55,> 20 years,0.71,2200.000981,0.1,2.407652808,0.87654321,0.998906809,0.93772501,Deciduous,8396.74242,5711.233983,2685.508437,152.2103958,51.71943057,97.86478698,55.16536751,110.4272402,27.44100835,,,,,,,,,,,,,,,,,,,,,,,,,,,,
MD,MD58,B4,64.882911,-148.3973,B4,1,55,> 20 years,0.71,419.8976522,4.48,271.0895534,0.136801541,0.607677897,0.372239719,Mixed,6740.270107,2713.928691,4026.341416,144.1404669,22.43035424,119.5167392,46.7618168,120.9935725,33.68851461,,,,,,,,,,,,,,,,,,,,,,,,,,,,
MD,MD58,B5,64.88296783,-148.3967217,B5,1,55,> 20 years,0.82,1570.473065,0.1,8.21741975,0.891304348,0.994794787,0.943049568,Deciduous,6658.137601,3959.334293,2698.803307,110.2381711,25.00213233,82.74386138,60.39775091,158.3598647,32.61635682,,,,,,,,,,,,,,,,,,,,,,,,,,,,
MD,MD58,B5,64.88335004,-148.395643,B5,1,55,> 20 years,0.19,152.8950906,8.77,311.8986333,0.021205357,0.328952571,0.175078964,Spruce,7803.721538,2355.300667,5448.420871,202.4711962,37.65027805,160.937709,38.54237878,62.55732465,33.85422165,,,,,,,,,,,,,,,,,,,,,,,,,,,,
MD,MD58,C1,64.87651259,-148.3823215,C1,1,55,> 20 years,0.89,2671.42813,0.17,0.325499783,0.839622642,0.99987817,0.919750406,Deciduous,10908.04514,7048.13262,3859.91252,192.8572864,51.8428119,137.4693947,56.56019196,135.9519741,28.07834084,,,,,,,,,,,,,,,,,,,,,,,,,,,,
MD,MD58,C1,64.87637202,-148.382603,C1,1,55,> 20 years,0.09,72.26687101,6.62,265.1358108,0.013412817,0.214185823,0.11379932,Spruce,7010.231677,2072.1609,4938.070777,168.9708685,36.80230815,129.0171,41.4878123,56.30518856,38.27454482,,,,,,,,,,,,,,,,,,,,,,,,,,,,
MD,MD58,C2,64.87645199,-148.38304,C2,1,55,> 20 years,1.01,3343.017184,0.14,8.145894167,0.87826087,0.997569234,0.937915052,Deciduous,11673.11065,8759.073323,2914.037323,184.4026838,73.74120972,108.5957855,63.30228176,118.7812535,26.83379756,,,,,,,,,,,,,,,,,,,,,,,,,,,,
MD,MD58,C2,64.876555,-148.383435,C2,1,55,> 20 years,0.06,80.16757081,3.75,288.8009546,0.015748031,0.217274822,0.116511427,Spruce,8832.583489,2147.016797,6685.566692,224.1188151,28.67815446,189.3472099,39.41027212,74.86593321,35.30850386,,,,,,,,,,,,,,,,,,,,,,,,,,,,
MD,MD58,C3,64.87674066,-148.382718,C3,1,55,> 20 years,0.51,1887.136353,0.15,2.712795319,0.772727273,0.998564544,0.885645909,Deciduous,8956.951584,5103.539865,3853.411719,189.0031696,38.46581287,146.934077,47.39048346,132.6772914,26.22544611,,,,,,,,,,,,,,,,,,,,,,,,,,,,
MD,MD58,C3,64.89534404,-148.451976,C3,1,55,> 20 years,0.02,11.42294289,4.11,374.5996682,0.004842615,0.029591383,0.017216999,Spruce,8804.379347,2568.770425,6235.608922,249.6574583,32.74208453,210.520321,35.26583747,78.45470019,29.61998582,,,,,,,,,,,,,,,,,,,,,,,,,,,,
MD,MD58,C4,64.89521898,-148.451535,C4,1,55,> 20 years,0.92,2010.67128,0.07,0.594228082,0.929292929,0.99970455,0.96449874,Deciduous,7895.47713,5491.831615,2403.645515,131.4595797,43.15806672,85.26716722,60.06011237,127.2492499,28.18957863,,,,,,,,,,,,,,,,,,,,,,,,,,,,
MD,MD58,C4,64.89503098,-148.451325,C4,1,55,> 20 years,0.07,246.8288343,5.42,505.9597517,0.012750455,0.327885995,0.170318225,Spruce,7063.919477,4234.666306,2829.253171,143.599667,61.97837823,77.55276753,49.19175388,68.32489695,36.48165322,,,,,,,,,,,,,,,,,,,,,,,,,,,,
MD,MD58,C5,64.89491003,-148.450937,C5,1,55,> 20 years,0.69,1310.144998,0.11,3.6413291,0.8625,0.99722837,0.929864185,Deciduous,6728.148814,3706.36662,3021.782194,178.8950049,40.66571997,134.7489049,37.60948394,91.14228454,22.42528202,,,,,,,,,,,,,,,,,,,,,,,,,,,,
MD,MD58,C5,64.89510901,-148.450923,C5,1,55,> 20 years,0.01,52.6023464,4.39,431.4837239,0.002272727,0.10866321,0.055467969,Spruce,7740.831475,2600.924093,5139.907383,191.934048,23.56500649,164.778002,40.3306842,110.3723054,31.19292212,,,,,,,,,,,,,,,,,,,,,,,,,,,,
