site,fire.x,lat,lon,decid.dens.pre,decid.bio.pre,spruce.dens.pre,spruce.bio.pre,rel.decid.dens.pre,rel.decid.bio.pre,decid.dens.post,decid.bio.post,spruce.dens.post,spruce.bio.post,rel.decid.dens.post,rel.decid.bio.post,new.bio.dens,traj.20,postsol.depth,presol.depth,lostsol.depth,presol.c,postsol.c,lostsol.c,preabove.c,prebelow.c,pretot.c.new,preabove.n,prebelow.n,pretot.n.new,preabove.cn,prebelow.cn,pretot.cn.new,postabove.c,postbelow.c,posttot.c.new,postabove.n,postbelow.n,posttot.n.new,postabove.cn,postbelow.cn,posttot.cn.new,lostabove.c,lostbelow.c,losttot.c.new,lostabove.n,lostbelow.n,losttot.n.new,lostabove.cn,lostbelow.cn,losttot.cn.new
BF58,BF,65.28902,146.55051,0.016666667,1128.718055,0.27,2586.094633,0.058139536,0.303842522,0.79,NA,0.7,NA,0.530201342,0.530201342,0.530201342,Mixed,3.686363636,18.97272727,15.28636364,4719.016058,1284.939091,3434.076967,759.2449333,4762.016058,5521.260991,4.040995967,155.552333,159.593329,187.8855954,30.61359458,34.59581316,613.6446283,1327.939091,1941.583719,1.7348287,48.344818,50.0796467,353.7205883,27.46807509,38.76991647,244.7355967,3477.076967,3721.812564,2.351978383,107.717515,110.0694934,104.0552067,32.27958765,33.81329785
BF59,BF,65.28984,146.54884,0,0,0.58,3290.374598,0,0,0.86,NA,2.1,NA,0.290540541,0.290540541,0.290540541,Spruce,11.02727273,28.2,17.17272727,7054.68054,3732.452727,3322.227813,2326.345083,7097.68054,9424.025623,12.64197203,235.059498,247.70147,184.0175787,30.19525099,38.04590107,1397.940838,3775.452727,5173.393565,2.854359943,136.294818,139.1491779,489.7563257,27.70063295,37.17875766,996.0391617,3365.227813,4361.266975,9.92419538,103.518956,113.4431514,100.3647272,32.50832449,38.44451535
BF60,BF,65.28783,146.54785,0.011111111,469.0291377,0.14,917.1830023,0.073529411,0.338353073,0,0,0.6,1.62,0,0,0,Spruce,7.959090909,24.92727273,16.96818182,6226.267522,2952.095455,3274.172067,707.9048333,6269.267522,6977.172355,3.876370773,206.859913,210.7362838,182.6205167,30.30682664,33.10854795,688.5815917,2995.095455,3683.677047,2.497551521,111.397545,113.8950965,275.7026575,26.88654813,32.34271851,171.9753875,3317.172067,3489.147455,1.419234139,95.972367,97.39160114,121.1747821,34.56382468,35.82595844
BF61,BF,65.34931,146.66884,0,0,0.47,1937.084934,0,0,0.1,13.28,0.6,13.27,0.142857143,0.500188324,0.321522734,Spruce,11.95454545,26.18181818,14.22727273,6007.22378,3182.75246,2824.47132,994.5448333,6050.22378,7044.768613,5.420814657,161.05138,166.4721947,183.4677804,37.5670409,42.31798967,777.7885508,3225.75246,4003.541011,2.179760808,72.07177,74.25153081,356.8228899,44.75750297,53.91863262,336.4007867,2867.47132,3203.872107,3.299261211,89.48961,92.78887121,101.9624592,32.04250549,34.52862466
BF64,BF,65.29941,146.72077,0,0,0.19,3695.120489,0,0,1,143.45,0,0,1,1,1,Deciduous,5.018181818,30.51818182,25.5,7641.473095,1504.141818,6137.331276,254.3385833,7684.473095,7938.811678,1.76741368,255.034204,256.8016177,143.9043876,30.13114702,30.91418095,157.9187083,1547.141818,1705.060526,0.339598108,53.307545,53.64714311,465.016455,29.02294259,31.78287654,113.6828042,6180.331276,6294.01408,1.436398495,202.236659,203.6730575,79.14433536,30.55989605,30.90253644
BF65,BF,65.29727,146.72076,0.016666667,422.0531691,0.55,2389.88073,0.029411765,0.15009356,0.4,4.55,0.4,4.91,0.5,0.480972516,0.490486258,Mixed,5.468181818,22.24545455,16.77727273,5547.429076,1815.157273,3732.271804,1208.45485,5590.429076,6798.883926,6.960970653,183.751919,190.7128897,173.6043593,30.42378608,35.6498396,849.418455,1858.157273,2707.575728,2.547099884,66.570273,69.11737288,333.4845486,27.91271823,39.17359146,462.5642202,3775.271804,4237.836024,4.478404213,117.691646,122.1700502,103.2877334,32.07765319,34.68801082
BF68,BF,65.28237,146.73661,0.016666667,362.1870133,0.3,1328.535757,0.05263158,0.214220226,0.5,23.8,0.6,0.57,0.454545455,0.976610587,0.715578021,Deciduous,10.89545455,24.10909091,13.21363636,6019.164267,3267.748182,2751.416085,427.6256,6062.164267,6489.789867,2.275257967,199.810016,202.085274,187.9459851,30.33964157,32.11411569,254.465345,3310.748182,3565.213527,0.50231359,115.213182,115.7154956,506.5866225,28.73584537,30.81016513,183.490255,2794.416085,2977.90634,1.799251827,86.791291,88.59054283,101.9814193,32.19696415,33.61426903
BF70,BF,65.11976,147.43454,0,0,0.77,2685.17384,0,0,4.4,386.52,4.1,6.22,0.517647059,0.98416255,0.750904805,Deciduous,9.004545455,29.92727273,20.92272727,7491.898522,3402.508182,4089.39034,1015.819133,7534.898522,8550.717655,5.702780027,249.942613,255.645393,178.1270062,30.14651416,33.44757186,825.1406717,3445.508182,4270.648854,2.270333948,128.903,131.1733339,363.4446256,26.72946465,32.55729442,330.9663075,4132.39034,4463.356648,3.490684292,121.549613,125.0402973,94.81416244,33.99756065,35.69534577
BF71,BF,65.11955,147.4299,0,0,0.97,1865.737191,0,0,3.7,180.79,2.1,17.26,0.637931034,0.91285029,0.775390662,Deciduous,6.418181818,24.10909091,17.69090909,6019.164267,2512.090909,3507.073358,875.4107333,6062.164267,6937.575,5.412487813,199.810016,205.2225038,161.7390678,30.33964157,33.8051377,516.681495,2555.090909,3071.772404,1.03225899,96.542091,97.57434999,500.5347495,26.46608213,31.48135144,392.5501883,3550.073358,3942.623546,4.426197697,103.777925,108.2041227,88.68790216,34.20836713,36.43690691
BF72,BF,65.11641,147.42867,0.016666667,380.502505,0.65,2598.734663,0.025,0.127718098,7.6,69.5,6.5,9.9,0.539007092,0.875314861,0.707160977,Deciduous,4.577272727,25.15454545,20.57727273,6283.796204,1695.291818,4588.504385,1854.0044,6326.796204,8180.800604,10.50238066,208.818217,219.3205977,176.5318226,30.29810471,37.30064887,1193.43841,1738.291818,2931.730228,2.43811392,64.559364,66.99747792,489.4924721,26.92547928,43.75881479,761.52624,4631.504385,5393.030625,8.16620797,144.768853,152.935061,93.25334878,31.9924092,35.26353336
BF73,BF,65.11811,147.44866,0.016666667,166.8316168,0.97,1999.429319,0.016891892,0.077013629,5.1,197.54,4.9,4.79,0.51,0.976325804,0.743162902,Deciduous,7.081818182,28.47272727,21.39090909,7123.714958,2496.150909,4627.564049,969.4539667,7166.714958,8136.168925,5.96669916,237.409463,243.3761622,162.4774336,30.18714952,33.4304266,849.7373917,2539.150909,3388.888301,3.194462064,92.894818,96.08928006,266.0032815,27.33361197,35.26812042,294.1493958,4670.564049,4964.713445,2.81807651,145.024645,147.8427215,104.3794925,32.20531275,33.58104744
BF75,BF,65.12273,147.46527,0,0,0.38,3416.19188,0,0,0.4,87.53,0.2,9.17,0.666666667,0.905170631,0.785918649,Deciduous,7.686363636,32.10909091,24.42272727,8044.173867,2484.117273,5560.056595,1138.839217,8087.173867,9226.013084,5.592125573,268.742336,274.3344616,203.6505086,30.0926679,33.63052907,1041.42278,2527.117273,3568.540053,3.26589104,89.693909,92.95980004,318.8786053,28.17490397,38.38799192,298.5136617,5603.056595,5901.570257,2.403079104,179.558427,181.9615061,124.2213214,31.2046429,32.43306996
BF76,BF,65.1234,147.46541,0.008333333,342.8357163,0.09,577.5524374,0.08474576,0.372490362,7.8,243.9,2.2,14,0.78,0.945715394,0.862857697,Deciduous,3.818181818,21.86363636,18.04545455,5610.38621,2101.09453,3509.29168,547.0290417,5653.38621,6200.415252,2.91785817,178.88669,181.8045482,187.4762274,31.60316852,34.10484124,531.00046,2144.09453,2675.09499,1.942941293,67.54134,69.48428129,273.2972231,31.74492141,38.49928272,132.1450192,3552.29168,3684.436699,1.008072904,111.85535,112.8634229,131.0867683,31.7579059,32.64509089
BF77,BF,65.12968,147.47365,0,0,1.87,2022.79049,0,0,10.1,56.39,5.4,6.77,0.651612903,0.892811906,0.772212405,Deciduous,6.459090909,23.74545455,17.28636364,5927.118376,2302.693636,3624.42474,857.1152,5970.118376,6827.233576,5.89666864,196.676729,202.5733976,145.355836,30.35498102,33.70251798,833.4451417,2345.693636,3179.138778,3.713904771,86.126636,89.84054077,224.4120927,27.23540295,35.38646084,231.5538167,3667.42474,3898.978557,2.211966689,117.656076,119.8680427,104.6823254,31.17072118,32.52725638
BF78,BF,65.15298,147.48117,0,0,0.52,1098.763769,0,0,3.8,18.26,0.6,7.24,0.863636364,0.716078431,0.789857398,Deciduous,14.2,24.38888889,10.18888889,6446.59655,5646.32747,800.26908,284.8520333,6489.59655,6774.448583,1.849068163,265.4899,267.3389682,154.0516672,24.44385474,25.34029599,200.6674383,5689.32747,5889.994908,0.660099773,244.01116,244.6712598,303.9956178,23.31584945,24.07309675,112.6425554,843.26908,955.9116354,1.200021939,21.98874,23.18876194,93.86708004,38.35004098,41.22305615
BF79,BF,65.15089,147.47616,0,0,0.95,2392.092589,0,0,22.4,42.83,11.2,25.81,0.666666667,0.623980186,0.645323427,Mixed,1.295454545,14.125,12.82954545,3086.60236,903.06563,2183.53673,680.629725,3129.60236,3810.232085,4.223947747,96.79693,101.0208777,161.1359244,32.33162829,37.7172736,539.2546833,946.06563,1485.320313,2.008711484,34.2727,36.28141148,268.4580078,27.60405892,40.93887896,235.6202833,2226.53673,2462.157013,2.245767178,63.03423,65.27999718,104.9175024,35.32266088,37.71686764
BF80,BF,65.15125,147.47287,0,0,0.7,1660.293055,0,0,15,179.58,8.2,18.11,0.646551724,0.908391927,0.777471826,Deciduous,5.763636364,25.24545455,19.48181818,6306.807676,1705.389091,4601.418585,258.3348667,6349.807676,6608.142543,1.878171807,209.601539,211.4797108,137.5459187,30.29466151,31.24717032,183.066105,1748.389091,1931.455196,0.635742425,60.863273,61.49901543,287.9564078,28.72650459,31.40627834,106.3201492,4644.418585,4750.738734,1.249893652,149.248266,150.4981597,85.06335641,31.11874402,31.56675633
BF81,BF,65.15033,147.47324,0.008333333,45.0800728,0.77,968.0112218,0.010706638,0.044497542,13.5,335.76,11.5,5.8,0.54,0.983019089,0.761509545,Deciduous,7.5,27.09090909,19.59090909,6498.13027,4345.13571,2152.99456,306.4819667,6541.13027,6847.612237,2.337902463,216.12458,218.4624825,131.0927088,30.26555457,31.34456846,217.1224683,4388.13571,4605.258178,0.794261889,146.24816,147.0424219,273.3638253,30.00472423,31.31924868,127.297365,2195.99456,2323.291925,1.549184223,70.38642,71.93560422,82.17057927,31.19912279,32.29682923
BF82,BF,65.14843,147.47171,0,0,0.48,2878.424423,0,0,14.9,114.9,2.1,3.09,0.876470588,0.97381134,0.925140964,Deciduous,8.472727273,38.60909091,30.13636364,9689.494167,2287.503636,7401.990531,1644.060417,9732.494167,11376.55458,8.479433527,324.749846,333.2292795,193.8880011,29.96920333,34.14032104,1179.369542,2330.503636,3509.873178,2.881335829,76.882864,79.76419983,409.3134615,30.31239362,44.003114,600.435521,7444.990531,8045.426052,5.703156545,248.376983,254.0801395,105.2812624,29.974559,31.66491512
BF84,BF,65.15299,147.47819,0,0,0.6,1084.478234,0,0,1.1,4.71,12.9,4.67,0.078571429,0.502132196,0.290351813,Spruce,16.86,30.13636364,13.27636364,5938.32007,4849.73092,1088.58915,375.29145,5981.32007,6356.61152,2.363897613,188.39126,190.7551576,158.7596044,31.74945626,33.32340577,335.883525,4892.73092,5228.614445,1.359104246,141.68476,143.0438642,247.1359544,34.53251373,36.55252515,111.3832125,1131.58915,1242.972363,1.020992125,47.2165,48.23749213,109.0931162,23.96596846,25.76776503
BF86,BF,65.1424,147.4649,0.008333333,103.5937819,1.21,2968.360581,0.006839945,0.033722435,25.2,29.43,16.3,9.58,0.607228916,0.754421943,0.68082543,Deciduous,4.772727273,23.45454545,18.68181818,5687.8766,1316.69548,4371.18112,1155.211058,5730.8766,6886.087658,7.969100587,167.94432,175.9134206,144.9612846,34.12367027,39.14475448,670.9910233,1359.69548,2030.686503,1.627095795,38.03655,39.6636458,412.3856907,35.74707696,51.19767643,537.7585704,4414.18112,4951.93969,6.380185977,130.41777,136.797956,84.28572025,33.84646985,36.19893042
BF87,BF,65.14189,147.46556,0.008333333,1241.664257,0.23,4151.105735,0.034965034,0.2302461,52.1,132.03,6.6,3.09,0.887563884,0.977131439,0.932347662,Deciduous,1.863636364,26.72727273,24.86363636,7780.66114,959.99219,6820.66895,2420.182383,7823.66114,10243.84352,12.05074506,260.93622,272.9869651,200.8325934,29.98304007,37.52502806,1837.606908,1002.99219,2840.599098,4.999592904,39.33353,44.3331229,367.5513073,25.49967394,64.07396799,825.5187541,6863.66895,7689.187704,7.211362691,222.11269,229.3240527,114.4747241,30.90174159,33.52979164
BF88,BF,65.15116,147.34464,0.016666667,66.7086957,0.72,710.5577208,0.022624435,0.08582475,1.1,11.23,6.3,1.29,0.148648649,0.896964856,0.522806753,Mixed,22.4,36.01818182,13.61818182,9033.667195,6114.376364,2919.290831,380.9130167,9076.667195,9457.580212,2.295645747,302.425174,304.7208197,165.9284832,30.01293535,31.03686916,346.2526867,6157.376364,6503.629051,1.206528138,209.035682,210.2422101,286.9826868,29.45610197,30.93398346,109.1715883,2962.290831,3071.462419,1.108013199,96.228267,97.3362802,98.52914063,30.78399854,31.55516538
BF89,BF,65.15008,147.34393,0.066666667,411.8343191,1.35,1888.17899,0.047058824,0.179057363,0,0,2.6,0.1,0,0,0,Spruce,25.49545455,40.42727273,14.93181818,10149.72362,6373.911818,3775.811804,747.2178833,10192.72362,10939.9415,4.566029947,340.416283,344.9823129,163.647171,29.94193912,31.71160112,534.2944117,6416.911818,6951.20623,1.384851909,212.164,213.5488519,385.8133915,30.24505485,32.55089488,287.1961175,3818.811804,4106.007922,3.217336395,128.762283,131.9796194,89.26518158,29.65784479,31.1109241
BF90,BF,65.15439,147.3412,0,0,0.67,505.9405892,0,0,0.1,12.34,6.5,2.86,0.015151515,0.811842105,0.41349681,Mixed,18.1,29.38181818,11.28181818,7353.829685,5370.574545,1983.25514,208.7886167,7396.829685,7605.618302,0.983480893,245.242682,246.2261629,212.2955496,30.16126567,30.88874965,183.3173133,5413.574545,5596.891858,0.491557119,190.579773,191.0713301,372.9318653,28.40581904,29.2921594,58.77762,2026.25514,2085.03276,0.510790338,63.142808,63.65359834,115.0719104,32.0900385,32.75592919
DC30,DC,66.31539,150.40571,0,0,0.08,33.30200279,0,0,2.7,364.49,0.6,26.01,0.818181818,0.933393086,0.875787452,Deciduous,2.05,20.8125,18.7625,5754.95609,1165.1118,4589.84429,2.213541667,5797.95609,5800.169632,0.027795833,189.68722,189.7150158,79.63573774,30.56587624,30.57306564,2.067708333,1208.1118,1210.179508,0.014219271,46.41032,46.42453927,145.4159171,26.03110257,26.06766868,0.8984375,4632.84429,4633.742728,0.013385938,143.7869,143.8002859,67.11800847,32.22021123,32.22345976
DC31,DC,66.31533,150.39721,0,0,0.17,1739.403065,0,0,0.7,2.01,0.4,0.26,0.636363636,0.885462555,0.760913096,Deciduous,1.818181818,15.94444444,14.12626263,5260.19977,383.85496,4876.34481,1261.741083,5303.19977,6564.940853,6.212097503,175.51824,181.7303375,203.1103154,30.21452226,36.12462808,965.4914008,426.85496,1392.346361,2.481463916,15.6439,18.12536392,389.0813784,27.28571264,76.81756721,425.1971367,4919.34481,5344.541947,3.815583289,160.38434,164.1999233,111.4369952,30.67222654,32.54899174
DC32,DC,66.28177,150.35849,0,0,0.87,5349.104089,0,0,0,0,6,0.23,0,0,0,Spruce,12.29090909,27.29090909,15,6824.565813,3912.834545,2911.731267,2737.038517,6867.565813,9604.60433,14.12884109,227.22628,241.3551211,193.719959,30.22346629,39.79449156,2659.089022,3955.834545,6614.923567,9.62710688,142.531955,152.1590619,276.2085282,27.7540187,43.47374047,651.9132033,2954.731267,3606.64447,4.6756857,87.268433,91.9441187,139.4262243,33.85796176,39.22648367
DC33,DC,66.26538,150.33509,0,0,1.97,6200.478251,0,0,0,0,2.6,6.12,0,0,0,Spruce,12.6,20.34285714,7.742857143,5065.831826,3120.508571,1945.323254,1120.40605,5108.831826,6229.237876,6.293229122,167.358112,173.6513411,178.0335704,30.52634715,35.87209771,1230.622526,3163.508571,4394.131097,5.25798102,99.787143,105.045124,234.0484915,31.70256684,41.83089066,204.9246831,1988.323254,2193.247937,1.097269754,68.080969,69.17823875,186.7587094,29.20527253,31.70430437
DC34,DC,66.20925,150.27001,0,0,0.04,0,0,0,0.5,12.77,0.6,2.15,0.454545455,0.855898123,0.655221789,Mixed,12.95,24.59090909,11.64090909,8222.73716,7270.93647,951.80069,2.213541667,8265.73716,8267.950702,0.027795833,288.54446,288.5722558,79.63573774,28.64632078,28.65123218,2.067708333,7313.93647,7316.004178,0.014219271,283.47551,283.4897293,145.4159171,25.80094651,25.80694615,0.8984375,994.80069,995.6991275,0.013385938,5.57895,5.592335938,67.11800847,178.3132471,178.0470878
DC35,DC,66.21316,150.26391,0,0,0.83,1168.231305,0,0,0.9,5.77,7.8,14.53,0.103448276,0.284236453,0.193842365,Spruce,19.81818182,27.86363636,8.045454545,6362.78985,4903.41547,1459.37438,252.7612,6405.78985,6658.55105,1.75129293,234.54642,236.2977129,144.3283392,27.31139469,28.17865212,151.2382017,4946.41547,5097.653672,0.398327519,212.65789,213.0562175,379.6830359,23.25996684,23.92633142,115.8523504,1502.37438,1618.22673,1.361383043,22.39853,23.75991304,85.09901089,67.0746866,68.10743488
DC36,DC,66.21492,150.25723,0.016666667,633.1187644,0.5,3009.492168,0.032258065,0.173809055,3.1,29.07,17.2,7.84,0.15270936,0.787591439,0.4701504,Mixed,7.231818182,24.83636364,17.60454545,6203.256049,2332.277273,3870.978776,1145.883633,6246.256049,7392.139682,6.23300524,206.076591,212.3095962,183.8412754,30.31036188,34.81773699,1065.45118,2375.277273,3440.728453,3.681018393,85.037,88.71801839,289.4446771,27.93227975,38.7827469,302.1658033,3913.978776,4216.144579,2.619455167,121.549591,124.1690462,115.3544474,32.20067418,33.95487611
DC37,DC,66.20771,150.2349,0.058333333,2375.845878,0.78,4965.186684,0.069582505,0.323639196,9.5,57.54,8.8,6.62,0.519125683,0.896820449,0.707973066,Deciduous,1.181818182,21.45454545,20.27272727,6857.63215,428.70749,6428.92466,3332.401333,6900.63215,10233.03348,16.28595944,229.68904,245.9749994,204.6180543,30.04336711,41.60192502,2333.475684,471.70749,2805.183174,5.617620129,17.41226,23.02988013,415.3850973,27.09053793,121.8062429,1228.898364,6471.92466,7700.823024,10.89500324,212.78678,223.6817832,112.7946763,30.4150693,34.4275824
DC38,DC,66.19166,150.2168,0,0,1.4,4077.293349,0,0,2.4,4.13,24,5.96,0.090909091,0.409316155,0.250112623,Spruce,8.645454545,21.65454545,13.00909091,5397.854504,2766.636364,2631.21814,2686.934125,5440.854504,8127.788629,16.21074206,178.660327,194.8710691,165.7502238,30.45362446,41.70854436,1595.204595,2809.636364,4404.840959,3.725370619,99.831773,103.5571436,428.2002405,28.14370896,42.53536555,1188.574086,2674.21814,3862.792226,12.6185174,79.338554,91.9570714,94.19284757,33.70641391,42.00647288
DC39,DC,66.16861,150.20422,0.008333333,13.38263298,2.03,2318.30911,0.004088307,0.005739452,6.2,61.06,22.2,11.78,0.218309859,0.838275673,0.528292766,Mixed,7.318181818,19.63636364,12.31818182,5796.34438,1268.15569,4528.18869,973.8792333,5839.34438,6813.223613,6.42445943,190.35303,196.7774894,151.5892884,30.67639312,34.62399908,561.4123417,1311.15569,1872.568032,1.260795752,41.18879,42.44958575,445.2841317,31.83282854,44.1127516,450.2452688,4571.18869,5021.433959,5.202900826,149.67424,154.8771408,86.53735365,30.540918,32.42204713
DC40,DC,66.16364,150.20207,0.083333333,505.8487535,1.31,3329.169064,0.059808612,0.131902582,24.1,20.02,6.5,0.4,0.787581699,0.980411361,0.88399653,Deciduous,0,14.77272727,14.77272727,4967.76038,283.15377,4684.60661,1458.708258,5010.76038,6469.468638,8.538293783,165.60127,174.1395638,170.8430625,30.2579828,37.15105572,975.1182975,326.15377,1301.272068,2.628067444,11.67364,14.30170744,371.0400582,27.93933769,90.98718266,585.7294984,4727.60661,5313.336108,5.98491494,154.43763,160.4225449,97.8676396,30.61175317,33.12088155
DC41,DC,66.15536,150.18442,0,0,2.08,1811.431747,0,0,5.8,65.89,13.4,16.48,0.302083333,0.799927158,0.551005246,Mixed,6.727272727,19.51818182,12.79090909,4857.084895,2374.345455,2482.73944,1152.09465,4900.084895,6052.179545,7.98426178,160.252264,168.2365258,144.2957009,30.57732086,35.97423043,614.3762975,2417.345455,3031.721753,1.319404694,88.471182,89.79058669,465.6465907,27.32353519,33.76436065,568.3152275,2525.73944,3094.054668,6.707414376,74.775796,81.48321038,84.72940475,33.77749987,37.97168341
DC42,DC,66.15127,150.18096,0,0,1.83,7455.707754,0,0,26.2,20.41,8.6,0.71,0.752873563,0.966382576,0.85962807,Deciduous,3.113636364,15.50909091,12.39545455,3842.278947,1021.140909,2821.138038,4169.93075,3885.278947,8055.209697,23.25221148,125.707772,148.9599835,179.3348024,30.9072294,54.07633318,2262.278332,1064.140909,3326.419241,4.507140247,37.921182,42.42832225,501.9320918,28.06191297,78.40091394,1916.360627,2864.138038,4780.498665,18.97637732,89.956638,108.9330153,100.9866422,31.83909605,43.88475478
DC43,DC,66.14552,150.17628,0.016666667,0,1.12,278.6142876,0.014662757,0,0.2,0.83,5.3,2.29,0.036363636,0.266025641,0.151194639,Spruce,20.75454545,30.97272727,10.21818182,7756.530458,6872.929091,990.941911,180.948575,7799.530458,7980.479033,1.5361549,258.950813,260.4869679,117.7931828,30.11973729,30.63676888,92.368375,6915.929091,7008.297466,0.261764568,249.555455,249.8172196,352.8681353,27.71299506,28.05370053,97.7946375,1033.941911,1131.736549,1.275839408,32.085358,33.36119741,76.65121244,32.22472727,33.92373885
DC44,DC,66.14079,150.17242,0.016666667,52.2841942,2.13,1728.332102,0.007763975,0.029362976,1.8,49.74,16.9,6.99,0.096256684,0.87678477,0.486520727,Mixed,9.227272727,16.09090909,6.863636364,5118.6259,2496.76234,2621.86356,881.2007,5161.6259,6042.8266,5.52558539,170.39292,175.9185054,159.4764424,30.29249044,34.35014745,638.8033317,2539.76234,3178.565672,1.96840376,97.34752,99.31592376,324.5286077,26.08964604,32.00459253,336.9626392,2664.86356,3001.826199,3.597604275,73.5554,77.15300428,93.66306393,36.22933952,38.90744408
DC46,DC,66.10976,150.15785,0.016666667,18.54586,1.29,2798.339007,0.012755102,0.006583819,3.7,62.95,9.2,9.38,0.286821705,0.870316604,0.578569155,Mixed,1.090909091,9.772727273,8.681818182,3712.41077,325.71135,3386.69942,1438.819633,3755.41077,5194.230403,8.485745837,123.0309,131.5166458,169.5572388,30.52412662,39.49485154,1073.573924,368.71135,1442.285274,3.296150604,13.35152,16.6476706,325.7053615,27.61568346,86.63586085,523.2011163,3429.69942,3952.900536,5.262433068,110.18938,115.4518131,99.42190419,31.12549885,34.23853148
DC47,DC,66.11998,150.16491,0,0,0.28,220.5393007,0,0,0,0,6.4,8.76,0,0,0,Spruce,15.98888889,33.2,17.21111111,8320.31154,6165.322222,2274.814282,131.0428167,8363.31154,8494.354357,0.567108507,278.142198,278.7093065,231.0718585,30.06847433,30.47746939,130.6976083,6208.322222,6339.01983,0.397443679,233.810778,234.2082217,328.8456081,26.5527632,27.06574425,28.14875,2317.814282,2345.963032,0.183205831,65.216409,65.39961483,153.6454918,35.5403543,35.87120563
DC48,DC,66.10866,150.15698,0,0,0.57,2695.833975,0,0,7.3,92.77,8.4,13.1,0.464968153,0.876263342,0.670615748,Deciduous,2.7,17.10909091,14.40909091,4247.280867,830.62,3416.660867,958.5641667,4290.280867,5248.845034,6.024400433,139.494236,145.5186364,159.1136209,30.75597236,36.06991628,502.604675,873.62,1376.224675,0.99445115,30.393,31.38745115,505.4091144,28.74411871,43.84633427,461.3385917,3459.660867,3920.999459,5.071626,109.611236,114.682862,90.9646318,31.563013,34.18993379
DC49,DC,66.10515,150.15355,0,0,1.75,1984.022011,0,0,3,3.06,24.4,13.13,0.109489051,0.189005559,0.149247305,Spruce,12.86363636,21.22727273,8.363636364,5481.24491,3311.2324,2170.01251,675.9995833,5524.24491,6200.244493,4.565888637,183.54479,188.1106786,148.0543301,30.09753047,32.96061945,595.81565,3354.2324,3950.04805,2.415094704,123.7529,126.1679947,246.7048804,27.10427311,31.30784522,211.1394333,2213.01251,2424.151943,2.176616718,60.30189,62.47850672,97.00349701,36.69889136,38.79977404
DC50,DC,66.08579,150.16491,0,0,0.26,276.2638949,0,0,5,0,12.4,1.02,0.287356322,0,0.143678161,Spruce,23.87727273,38.38181818,14.50454545,9631.965485,8022.359091,1609.606395,231.5828667,9674.965485,9906.548352,1.495118987,322.791542,324.286661,154.8925997,29.97279738,30.54873833,244.3292867,8065.359091,8309.688378,1.103249869,290.523,291.6262499,221.4632365,27.76151661,28.49430866,51.14946333,1652.606395,1703.755858,0.400623745,41.641214,42.04183775,127.6745674,39.68679672,40.52524699
DC51,DC,66.07446,150.16788,0.1,935.4532729,0.36,1271.933949,0.217391304,0.423783043,3.2,215.78,1.4,8.68,0.695652174,0.961329413,0.828490794,Deciduous,1,8.227272727,7.227272727,3324.39362,372.91257,2951.48105,631.9572417,3367.39362,3999.350862,3.283551143,109.87278,113.1563311,192.4615193,30.64811521,35.34358901,454.8709492,415.91257,870.7835192,0.940096569,15.21248,16.15257657,483.8555572,27.34022132,53.90988338,230.2797196,2994.48105,3224.76077,2.383111821,95.1703,97.55341182,96.62984236,31.46444899,33.05636071
DC52,DC,66.07288,150.16742,0.033333333,476.1274679,1.35,3702.878375,0.024096385,0.11393319,17.4,34.46,7.1,14.25,0.710204082,0.707452269,0.708828176,Deciduous,3.8,9.033333333,5.233333333,2203.09504,967.24,1235.85504,2268.11755,2246.09504,4514.21259,13.16217131,69.909148,83.07131931,172.3209261,32.12877147,54.34140962,1418.306715,1010.24,2428.546715,3.057290359,33.792,36.84929036,463.9097202,29.89583333,65.90484352,958.0947475,1278.85504,2236.949788,10.22359329,36.627148,46.85074129,93.71409057,34.91549601,47.74630509
DC53,DC,66.07199,150.16674,0.008333333,8.082113449,0.96,5415.824799,0.008605852,0.001490091,9.1,29.13,3.4,0.92,0.728,0.969384359,0.84869218,Deciduous,1.272727273,15.04545455,13.77272727,5036.23399,464.99272,4571.24127,3153.625783,5079.23399,8232.859773,16.2061918,167.92329,184.1294818,194.5938825,30.24734681,44.7123388,1953.639671,507.99272,2461.632391,3.935027195,18.84284,22.7778672,496.4742489,26.95945622,108.0712417,1304.011279,4614.24127,5918.252549,12.47124068,149.59045,162.0616907,104.5614717,30.84582786,36.51851665
DC54,DC,65.91047,149.78075,0,0,2.38,2883.06894,0,0,0.4,0.1,3.2,5.01,0.111111111,0.019569472,0.065340292,Spruce,15.05,19.40909091,4.359090909,7370.16587,7239.2343,130.93157,1134.508308,7413.16587,8547.674178,7.34619317,350.51,357.8561932,154.4348592,21.14965584,23.88577965,591.3361292,7282.2343,7873.570429,1.161237017,304.13218,305.293417,509.2294859,23.94430704,25.79017427,553.8898,173.93157,727.82137,6.235502963,46.88782,53.12332296,88.82840779,3.709525629,13.70059946
DC55,DC,65.89614,149.75351,0.45,3396.128933,0.82,4985.091361,0.354330709,0.405206976,10.8,182.35,2.8,1.36,0.794117647,0.992597028,0.893357338,Deciduous,3.813636364,11.2,7.386363636,2751.53514,1343.560909,1407.974231,3621.169033,2794.53514,6415.704173,19.63956515,88.578318,108.2178832,184.3813244,31.54874921,59.28506441,3179.50645,1386.560909,4566.067359,9.997059947,50.661182,60.65824195,318.0441517,27.36929646,75.27529998,1047.714871,1450.974231,2498.689102,9.855909615,40.945199,50.80110862,106.3032142,35.4369808,49.18571996
DC56,DC,65.89577,149.75385,0.3,2088.360881,1.15,4267.604294,0.206896552,0.328567074,8.2,213.89,2.5,1.24,0.76635514,0.994236043,0.880295592,Deciduous,4.672727273,13.33636364,8.663636364,3292.304749,1739.258182,1553.046567,2489.95805,3335.304749,5825.262799,13.92054182,106.986381,120.9069228,178.8693344,31.17504039,48.17972919,2017.673518,1782.258182,3799.9317,6.307998065,66.296636,72.60463407,319.8595651,26.88308622,52.33731633,812.7613858,1596.046567,2408.807953,7.755343982,45.107098,52.86244198,104.8001723,35.38349035,45.56747404
DC57,DC,65.88308,149.71782,0.011111111,NA,0.38,NA,0.028409091,0.028409091,0,0,1.5,1.27,0,0,0,Spruce,15,28.36666667,13.36666667,7096.86824,5506.96,1589.90824,23.77166667,7139.86824,7163.639907,0.298505013,236.495588,236.794093,79.63573687,30.19028093,30.25261237,18.1831625,5549.96,5568.143163,0.222544497,205.893,206.1155445,137.532386,26.95555458,27.01466877,5.588504167,1632.90824,1638.496744,0.075960516,45.96049,46.03645052,73.57117173,35.52852113,35.59129181
TC1,TC,64.05748,142.02016,0.025,38.25198866,0.58,264.3261811,0.041322314,0.126420187,13,6.92,2.6,2.47,0.833333333,0.736954207,0.78514377,Deciduous,3.136363636,9.909090909,6.772727273,3718.88942,1422.447,2296.44242,173.1191333,3761.88942,3935.008553,0.896680957,123.94533,124.842011,193.0665885,30.35119936,31.51990683,139.539865,1465.447,1604.986865,0.377888286,58.03451,58.41239829,369.2622136,25.25130306,27.47681849,56.45090583,2339.44242,2395.893326,0.533168666,66.42082,66.95398867,105.8781384,35.22152271,35.78417617
TC10,TC,63.84834,142.22064,0,0,1.2,974.115406,0,0,4.5,11.02,4.9,3.32,0.478723404,0.768479777,0.623601591,Mixed,7.77,18.90909091,11.13909091,4352.32271,2337.71917,2014.60354,445.080075,4395.32271,4840.402785,2.94537535,142.5058,145.4511754,151.1114959,30.84311453,33.27854019,295.2880575,2380.71917,2676.007228,0.844706308,81.48434,82.32904631,349.5748223,29.2168921,32.50380452,186.551805,2057.60354,2244.155345,2.119212342,61.53146,63.65067234,88.02884039,33.43986215,35.25737062
TC11,TC,63.84807,142.21893,0,0,1.13,1421.672159,0,0,7.4,0.81,3.6,1.17,0.672727273,0.409090909,0.540909091,Mixed,6.431818182,21.83636364,15.40454545,5443.877449,2321.255455,3122.621995,1091.739133,5486.877449,6578.616582,7.184172187,180.226971,187.4111432,151.9644998,30.4442638,35.10259033,1122.781415,2364.255455,3487.03687,5.372320449,87.152091,92.52441145,208.9937534,27.12792577,37.68774981,256.9618308,3165.621995,3422.583826,1.857274431,97.484202,99.34147643,138.3542607,32.47317955,34.45271752
TC12,TC,63.82115,142.21454,0,0,0.35,1192.722952,0,0,14.7,24.96,0.7,1.25,0.954545455,0.952308279,0.953426867,Deciduous,3.25,15.56363636,12.31363636,3856.085831,1016.67,2839.415831,1043.812333,3899.085831,4942.898164,5.787222507,126.177765,131.9649875,180.3649906,30.90152874,37.45613331,737.6122,1059.67,1797.2822,2.276974106,37.381,39.65797411,323.944044,28.34782376,45.31956663,393.9758333,2882.415831,3276.391664,3.568331654,89.306765,92.87509665,110.408973,32.27544779,35.27739709
TC13,TC,63.65835,142.29001,0,0,0.18,1227.36853,0,0,1,2.13,0.1,0.02,0.909090909,0.990697674,0.949894292,Deciduous,11.27272727,24.4,13.12727273,5672.05195,3620.55092,2051.50103,1088.188708,5715.05195,6803.240658,5.99042166,199.78625,205.7766717,181.6547765,28.60583223,33.06128242,803.6721592,3663.55092,4467.223079,2.388362687,140.84855,143.2369127,336.4950238,26.01056894,31.18765265,392.18212,2094.50103,2486.68315,3.664417379,59.4477,63.11211738,107.0244133,35.2326672,39.4010414
TC15,TC,63.632527,142.32314,0,0,0.68,3945.983218,0,0,0.6,132.22,0.2,23.02,0.75,0.851713476,0.800856738,Deciduous,4.990909091,19.79090909,14.8,4926.119313,1885.812727,3040.306585,2304.344733,4969.119313,7273.464046,12.46505515,162.60223,175.0672852,184.8643833,30.55997026,41.54667755,1396.005048,1928.812727,3324.817775,2.756194763,72.087545,74.84373976,506.4972428,26.75653231,44.4234586,979.5193517,3083.306585,4062.825937,9.844503567,92.693944,102.5384476,99.49911085,33.26330127,39.6224639
TC17,TC,63.5631,142.37186,0,0,2.25,1880.602052,0,0,0.4,0.09,0.4,0.16,0.5,0.36,0.43,Mixed,22.02727273,31.74545455,9.718181818,7952.127976,6183.387273,1774.519218,1028.262767,7995.127976,9023.390743,7.315255227,265.609049,272.9243042,140.5641683,30.10111292,33.06188054,640.8679967,6226.387273,6867.25527,1.88628207,210.875091,212.7613731,339.7519421,29.52642364,32.27679522,461.8677908,1817.519218,2279.387009,5.45677197,60.636912,66.09368397,84.64121157,29.97380899,34.48721378
TC18,TC,63.56229,142.37246,0,0,0.4,2329.764437,0,0,0.1,1.94,0.3,0.27,0.25,0.877828054,0.563914027,Mixed,9.490909091,24.33636364,14.84545455,6076.692949,3398.287273,2678.405676,1268.520217,6119.692949,7388.213166,6.939402113,201.768321,208.7077231,182.7996413,30.33029625,35.39980723,813.2380517,3441.287273,4254.525325,1.763247363,126.594818,128.3580654,461.2160884,27.1834766,33.14575763,518.5613983,2721.405676,3239.967074,5.250576123,78.955052,84.20562812,98.76276168,34.46778397,38.47684705
TC2,TC,64.04595,142.05908,0,0,0.75,4829.036101,0,0,0,0,1.1,3.04,0,0,0,Spruce,13.23963636,28.20363636,14.964,7055.600999,4045.168364,3010.432635,2201.21395,7098.600999,9299.814949,12.08757731,235.090831,247.1784083,182.1054702,30.19514189,37.6238969,1316.694012,4088.168364,5404.862376,2.507584857,142.024709,144.5322939,525.0845284,28.78490928,37.39553446,947.4215217,3053.432635,4000.854157,9.707150497,96.40661,106.1137605,97.60037428,31.67244067,37.70344334
TC20,TC,63.52626,142.39379,0,0,1.4,2467.461244,0,0,0.1,16.06,0,0,1,1,1,Deciduous,10.68636364,21.92727273,11.24090909,5466.888922,3347.19,2119.698922,781.2916833,5509.888922,6291.180605,5.79276358,181.010293,186.8030566,134.873739,30.43964424,33.67814596,372.3805933,3390.19,3762.570593,0.737809753,118.930273,119.6680828,504.7108578,28.50569426,31.44172203,412.3868067,2162.698922,2575.085729,5.0734471,64.587961,69.6614081,81.28335598,33.48455174,36.96574329
TC23,TC,63.46036,142.46834,0,0,0.94,4818.635622,0,0,4.4,3,0.4,1.16,0.916666667,0.721153846,0.818910257,Deciduous,4.227272727,19.22727273,15,6071.16383,3040.39627,3030.76756,2077.254367,6114.16383,8191.418197,10.76655466,202.85366,213.6202147,192.9358493,30.14076172,38.34570717,1256.549619,3083.39627,4339.945889,2.482655197,113.04616,115.5288152,506.131347,27.27555071,37.56591705,875.8662433,3073.76756,3949.633803,8.414082055,90.3175,98.73158206,104.0952819,34.03291234,40.00375281
TC25,TC,63.42012,142.48093,0,0,1,2322.893888,0,0,0,0,2,1.89,0,0,0,Spruce,16.63636364,25.95454545,9.318181818,5822.4781,4864.94711,957.53099,972.275675,5865.4781,6837.753775,5.265206243,192.43308,197.6982862,184.6605109,30.48061227,34.5868136,720.0767867,4907.94711,5628.023897,2.0509043,167.45084,169.5017443,351.1020903,29.30977898,33.20333912,348.7994405,1000.53099,1349.330431,3.272302256,25.49224,28.76454226,106.5914494,39.24845325,46.90950471
TC26,TC,63.52002,142.38799,0,0,1.17,2298.766962,0,0,0.1,7.91,0.6,6.17,0.142857143,0.561789773,0.352323458,Mixed,16.27,29.63636364,13.36636364,9289.76881,8165.93803,1123.83078,1226.56,9332.76881,10559.32881,6.847951917,334.34369,341.1916419,179.1134072,27.91369806,30.94838065,784.2119167,8208.93803,8993.149947,1.602849667,327.46979,329.0726397,489.2610535,25.06777199,27.32876837,506.0301667,1166.83078,1672.860947,5.313671958,7.3839,12.69757196,95.23172877,158.0236433,131.7465223
TC27,TC,63.40473,142.46973,0,0,1.34,2860.065089,0,0,0.2,0.06,3.4,1.96,0.055555556,0.02970297,0.042629263,Spruce,18.32,36.54545455,18.22545455,8128.28659,5761.82234,2366.46425,921.9514583,8171.28659,9093.238048,5.50881875,295.7054,301.2142188,167.3591926,27.63320044,30.18860825,644.8558125,5804.82234,6449.678153,2.028382053,231.28436,233.3127421,317.9163469,25.09820526,27.64391733,358.7922083,2409.46425,2768.256458,3.525116282,64.93104,68.45615628,101.7816661,37.10804956,40.4383858
TC28,TC,63.39563,142.49361,0,0,0.45,4286.826663,0,0,4,25.35,6.3,2.28,0.388349515,0.917480999,0.652915257,Mixed,4.518181818,15.88181818,11.36363636,3936.625985,1481.332727,2455.293258,2641.448333,3979.625985,6621.074318,13.53371935,128.919392,142.4531114,195.1753442,30.86910296,46.47897301,1920.212575,1524.332727,3444.545302,4.978994148,54.353,59.33199415,385.6627499,28.04505229,58.05544465,949.7255208,2498.293258,3448.018779,8.722748539,75.076392,83.79914054,108.8791585,33.27668248,41.14623082
TC29,TC,63.38705,142.52443,0,0,0.53,4224.949903,0,0,6.6,26.69,7.6,2.92,0.464788732,0.901384667,0.6830867,Deciduous,1.636363636,15.18181818,13.54545455,4887.44314,857.90247,4029.54067,2711.895117,4930.44314,7642.338257,13.67603209,161.87035,175.5463821,198.2954631,30.45921097,43.53458138,1633.13153,900.90247,2534.034,3.192718048,33.38123,36.57394805,511.5176177,26.98829462,69.28521899,1140.87383,4072.54067,5213.4145,10.66015279,128.99912,139.6592728,107.0222775,31.57029808,37.32952632
TC3,TC,64.03971,142.05802,0,0,0.6,700.2689386,0,0,21,6.76,0.4,7.15,0.981308411,0.485981308,0.73364486,Deciduous,4.1,15,10.9,3713.4147,1475.46,2237.9547,473.1169833,3756.4147,4229.531683,3.293649173,121.32117,124.6148192,143.6452271,30.96256573,33.94084035,266.699395,1518.46,1785.159395,0.57827178,55.873,56.45127178,461.2007783,27.17699068,31.62301466,224.8828258,2280.9547,2505.837526,2.729956197,65.95817,68.6881262,82.37598319,34.58183725,36.48137844
TC4,TC,64.01855,142.08482,0,0,1.55,2785.835104,0,0,0.1,0.15,2.6,0.27,0.037037037,0.357142857,0.197089947,Spruce,16.27272727,26.27272727,10,8345.840636,6985.074096,1360.76654,1358.505842,8388.840636,9747.346478,8.11489508,298.575737,306.6906321,167.4089226,28.09619,31.78234174,1013.637728,7028.074096,8041.711824,3.260347732,249.976932,253.2372797,310.898656,28.1148906,31.75563974,496.4296142,1403.76654,1900.196154,4.924066231,49.108805,54.03287123,100.8170059,28.58482384,35.16741034
TC5,TC,64.0205,142.08616,0,0,0.98,3710.464723,0,0,1.3,113.73,0.4,7.33,0.764705882,0.939451512,0.852078697,Deciduous,4.163636364,15.06363636,10.9,3729.522731,1504.770909,2224.751822,1422.828117,3772.522731,5195.350848,8.08176282,121.869495,129.9512578,176.0541789,30.9554309,39.9792271,880.812115,1547.770909,2428.583024,1.82529243,57.031182,58.85647443,482.5594521,27.13902912,41.26280154,602.3594017,2267.751822,2870.111224,6.333187483,65.969194,72.30238148,95.11156954,34.37592131,39.69594313
TC6,TC,63.98123,142.15653,0,0,0.52,938.0832932,0,0,0,0,7.4,1.03,0,0,0,Spruce,14.26363636,25.51818182,11.25454545,6375.842095,4144.169091,2231.673004,514.3941,6418.842095,6933.236195,3.59408578,211.951504,215.5455898,143.122377,30.28448477,32.16598494,314.80256,4187.169091,4501.971651,0.787749518,142.440273,143.2280225,399.6226628,29.39596368,31.43219861,232.6387775,2274.673004,2507.311782,2.823309719,70.021232,72.84454172,82.39931168,32.48547532,34.42003645
TC7,TC,63.97744,142.16343,0,0,1.6,1941.951273,0,0,0.1,1.82,0.9,2.08,0.1,0.466666667,0.283333334,Spruce,17.61818182,30.47272727,12.85454545,7629.967358,5346.912727,2283.054631,1260.232433,7672.967358,8933.199791,8.095099007,254.642543,262.737642,155.6784459,30.1323073,34.00045659,670.8466467,5389.912727,6060.759374,1.306863927,186.753,188.0598639,513.325552,28.86118417,32.22781963,606.80047,2326.054631,2932.855101,6.84834545,72.157019,79.00536445,88.60541198,32.23601339,37.12222735
TC8,TC,63.96044,142.16955,0.111111111,2332.155736,0.92,2878.302446,0.107758621,0.447591297,1.3,198.8,2.9,6.55,0.30952381,0.968103238,0.638813524,Mixed,10.77272727,18.5,7.727272727,4499.0554,3366.94914,1132.10626,1717.586342,4542.0554,6259.641742,8.97542751,149.94319,158.9186175,191.3654074,30.29184186,39.38897682,1126.965837,3409.94914,4536.914977,2.225712969,119.58719,121.812903,506.3392507,28.51433452,37.24494587,682.2650321,1175.10626,1857.371292,6.859297554,30.866,37.72529755,99.46572907,38.07121946,49.23410583
TC9,TC,63.85791,142.23308,0.033333333,0.581,0.933333333,NA,0.034482759,0.095847408,9.2,191.93,1.1,2.48,0.893203883,0.987243455,0.940223669,Deciduous,4.259090909,12.88181818,8.622727273,3177.247385,1548.737273,1628.510113,920.63115,3220.247385,4140.878535,5.101792553,103.069772,108.1715646,180.4524861,31.24337352,38.28065677,876.2777367,1591.737273,2468.01501,3.373464227,58.768455,62.14191923,259.7560483,27.08489228,39.71578349,234.9961592,1671.510113,1906.506272,1.78190932,47.381321,49.16323032,131.8788541,35.27782843,38.7791091
